window,mean,median,n,t
vs_market -20..-6,-0.00919,-0.009,231,-1.35764
stock -20..-6,-0.02682,-0.00733,231,-3.02792
premium+convprice -20..-6,0.01938,0.00712,231,2.72631
vs_market -5..-1,-0.00626,-0.00212,231,-1.61748
stock -5..-1,-0.01441,-0.00369,231,-2.55467
premium+convprice -5..-1,0.00808,0.0007,231,1.70803
vs_market 0..0,-0.01463,-0.00505,231,-2.14443
stock 0..0,-0.00085,0.0,231,-0.36541
premium+convprice 0..0,-0.00493,-0.00364,231,-2.38305
vs_market 1..5,-0.00027,-0.00429,230,-0.06476
stock 1..5,0.00998,0.0,230,1.76373
premium+convprice 1..5,-0.00259,0.0,230,-0.62328
vs_market 6..20,0.00904,0.00594,222,1.61423
stock 6..20,-0.00027,0.0,222,-0.03337
premium+convprice 6..20,0.00318,0.0,222,0.45435
