signal,split,start,end,days,trades,avg_positions,total_return,excess_vs_index,equal_weight_return,excess_vs_equal_weight,beta_to_equal_weight,alpha_annual,alpha_t,max_drawdown,sharpe
model,train,20190101,20241231,1456,1269,28.521291,0.874181,-0.189482,0.989929,-0.115748,1.281339,-0.037073,-1.027856,-0.369971,0.669965
model,test,20250101,20260508,323,163,19.668731,0.606524,0.250806,0.355717,0.253699,1.255765,0.082994,0.837114,-0.127183,1.864529
model,holdout,20260511,20260930,101,125,21.524752,-0.110514,-0.028137,-0.082377,-0.026536,0.968626,-0.075018,-0.427504,-0.111177,-1.592518
low_premium,train,20190101,20241231,1456,1608,28.180632,2.832427,1.768763,0.989929,1.842498,1.515426,0.069199,1.1591,-0.356014,1.07271
low_premium,test,20250101,20260508,323,373,25.44582,0.530468,0.17475,0.355717,0.177506,1.344295,0.028969,0.232796,-0.170678,1.523919
low_premium,holdout,20260511,20260930,101,178,23.920792,-0.182586,-0.100209,-0.082377,-0.098738,1.150598,-0.239122,-0.916285,-0.223511,-2.096334
double_low,train,20190101,20241231,1456,1400,28.42239,1.782526,0.718863,0.989929,0.792597,0.856857,0.077169,2.352867,-0.144284,1.36025
double_low,test,20250101,20260508,323,39,15.504644,0.088418,-0.2673,0.355717,-0.265339,0.306416,-0.005077,-0.082196,-0.055167,0.866049
double_low,holdout,20260511,20260930,101,69,20.376238,-0.070905,0.011472,-0.082377,0.013145,0.254928,-0.124301,-0.993164,-0.073985,-2.066689
random_00,train,20190101,20241231,1456,14502,22.522665,-0.70998,-1.773644,0.989929,-1.699909,0.871907,-0.31664,-10.60896,-0.77302,-1.519789
random_00,test,20250101,20260508,323,4597,19.108359,-0.413478,-0.769195,0.355717,-0.768137,0.961824,-0.643011,-10.568401,-0.433352,-2.620544
random_00,holdout,20260511,20260930,101,1790,21.554455,-0.30099,-0.218613,-0.082377,-0.217353,0.989527,-0.678292,-4.854686,-0.29973,-5.4414
random_01,train,20190101,20241231,1456,14355,22.424451,-0.753643,-1.817307,0.989929,-1.743572,0.909518,-0.348741,-10.976675,-0.805691,-1.641237
random_01,test,20250101,20260508,323,4520,19.19195,-0.419927,-0.775645,0.355717,-0.774598,0.931633,-0.644435,-9.965333,-0.465883,-2.711534
random_01,holdout,20260511,20260930,101,1772,21.257426,-0.322955,-0.240578,-0.082377,-0.239358,0.843994,-0.792794,-7.656522,-0.321735,-7.250027
random_02,train,20190101,20241231,1456,13866,22.550824,-0.722895,-1.786558,0.989929,-1.712823,0.868096,-0.324496,-11.87734,-0.769866,-1.624219
random_02,test,20250101,20260508,323,4304,18.721362,-0.429708,-0.785426,0.355717,-0.784397,0.86613,-0.643472,-11.971068,-0.449762,-3.096208
random_02,holdout,20260511,20260930,101,1832,21.267327,-0.290042,-0.207666,-0.082377,-0.206387,0.804845,-0.680689,-4.895045,-0.288764,-6.002351
random_03,train,20190101,20241231,1456,14182,22.34272,-0.737233,-1.800896,0.989929,-1.727162,0.879316,-0.332735,-8.584356,-0.785694,-1.486609
random_03,test,20250101,20260508,323,4355,19.052632,-0.433204,-0.788922,0.355717,-0.7879,0.900167,-0.656081,-12.034157,-0.447348,-3.021713
random_03,holdout,20260511,20260930,101,1803,21.386139,-0.293176,-0.210799,-0.082377,-0.209526,0.824089,-0.688048,-5.342047,-0.291903,-6.155672
random_04,train,20190101,20241231,1456,14408,22.438874,-0.751276,-1.814939,0.989929,-1.741205,0.922717,-0.348556,-10.944362,-0.823397,-1.610256
random_04,test,20250101,20260508,323,4492,19.380805,-0.486027,-0.841745,0.355717,-0.840818,0.953697,-0.744713,-13.500575,-0.497899,-3.376319
random_04,holdout,20260511,20260930,101,1775,21.584158,-0.236697,-0.15432,-0.082377,-0.152945,0.857614,-0.485813,-3.062119,-0.238538,-4.293038
random_05,train,20190101,20241231,1456,14464,22.53228,-0.649848,-1.713511,0.989929,-1.639776,1.000431,-0.297424,-8.529504,-0.766739,-1.088812
random_05,test,20250101,20260508,323,4470,19.058824,-0.442752,-0.79847,0.355717,-0.797465,0.930823,-0.675899,-11.057849,-0.485967,-2.957553
random_05,holdout,20260511,20260930,101,1783,21.356436,-0.287421,-0.205044,-0.082377,-0.203761,0.863495,-0.659677,-5.882273,-0.286138,-6.055916
random_06,train,20190101,20241231,1456,14220,22.491758,-0.670557,-1.73422,0.989929,-1.660485,0.885839,-0.296162,-9.967285,-0.760982,-1.341127
random_06,test,20250101,20260508,323,3999,18.575851,-0.416613,-0.772331,0.355717,-0.77128,0.826883,-0.616594,-11.248351,-0.435939,-3.072535
random_06,holdout,20260511,20260930,101,1777,21.524752,-0.27503,-0.192653,-0.082377,-0.191346,0.87217,-0.614614,-5.724032,-0.273723,-5.76143
random_07,train,20190101,20241231,1456,14281,22.381868,-0.718355,-1.782018,0.989929,-1.708283,0.91565,-0.326599,-10.891525,-0.777177,-1.495896
random_07,test,20250101,20260508,323,4352,18.981424,-0.410618,-0.766336,0.355717,-0.765273,0.911598,-0.627652,-10.261259,-0.41538,-2.712178
random_07,holdout,20260511,20260930,101,1856,21.09901,-0.343239,-0.260862,-0.082377,-0.259679,0.897801,-0.856188,-6.899079,-0.342056,-7.119201
random_08,train,20190101,20241231,1456,14310,22.636676,-0.68328,-1.746943,0.989929,-1.673209,0.916855,-0.306415,-10.226688,-0.76915,-1.349682
random_08,test,20250101,20260508,323,4554,19.241486,-0.44834,-0.804057,0.355717,-0.803063,0.905099,-0.678334,-12.358799,-0.465394,-3.150689
random_08,holdout,20260511,20260930,101,1775,21.306931,-0.298635,-0.216258,-0.082377,-0.214995,0.79759,-0.714713,-7.243545,-0.297371,-6.962871
random_09,train,20190101,20241231,1456,14123,22.490385,-0.766139,-1.829803,0.989929,-1.756068,0.899426,-0.356871,-11.743025,-0.815732,-1.743217
random_09,test,20250101,20260508,323,4361,18.96904,-0.390693,-0.74641,0.355717,-0.745312,0.875108,-0.593355,-9.779465,-0.432228,-2.62846
random_09,holdout,20260511,20260930,101,1830,21.267327,-0.324253,-0.241876,-0.082377,-0.240659,0.782737,-0.809784,-5.998182,-0.323036,-7.083416
random_10,train,20190101,20241231,1456,14462,22.415522,-0.741866,-1.805529,0.989929,-1.731794,0.904419,-0.340512,-11.592667,-0.804243,-1.628953
random_10,test,20250101,20260508,323,4545,19.092879,-0.437091,-0.792808,0.355717,-0.791792,0.938278,-0.670035,-11.760807,-0.451106,-2.92764
random_10,holdout,20260511,20260930,101,1815,21.178218,-0.323523,-0.241146,-0.082377,-0.239927,0.949915,-0.770004,-5.941612,-0.322304,-6.264571
random_11,train,20190101,20241231,1456,14317,22.487637,-0.707485,-1.771148,0.989929,-1.697414,0.948039,-0.321947,-8.33804,-0.785033,-1.294123
random_11,test,20250101,20260508,323,3769,18.718266,-0.390876,-0.746593,0.355717,-0.745496,0.776562,-0.571426,-11.196833,-0.423925,-3.017194
random_11,holdout,20260511,20260930,101,1790,21.29703,-0.301406,-0.21903,-0.082377,-0.217772,0.87631,-0.70703,-7.036099,-0.300149,-6.509152
random_12,train,20190101,20241231,1456,14323,22.416896,-0.711212,-1.774875,0.989929,-1.701141,0.901448,-0.320595,-10.533366,-0.785926,-1.476903
random_12,test,20250101,20260508,323,3875,18.668731,-0.390543,-0.746261,0.355717,-0.745161,0.77891,-0.571175,-10.097396,-0.411908,-2.934576
random_12,holdout,20260511,20260930,101,1684,21.584158,-0.30002,-0.217643,-0.082377,-0.216382,0.914394,-0.692308,-5.407728,-0.298759,-5.892506
random_13,train,20190101,20241231,1456,14122,22.458104,-0.775384,-1.839047,0.989929,-1.765313,0.892123,-0.363345,-12.808773,-0.819783,-1.840562
random_13,test,20250101,20260508,323,4283,19.436533,-0.378671,-0.734388,0.355717,-0.733267,0.886461,-0.581249,-11.015235,-0.395598,-2.56945
random_13,holdout,20260511,20260930,101,1797,21.267327,-0.246368,-0.163991,-0.082377,-0.162633,0.966377,-0.495039,-3.809578,-0.24501,-4.445526
random_14,train,20190101,20241231,1456,14167,22.503434,-0.719379,-1.783042,0.989929,-1.709307,0.910108,-0.326743,-11.205004,-0.778206,-1.519717
random_14,test,20250101,20260508,323,4526,19.108359,-0.457043,-0.812761,0.355717,-0.811782,0.959436,-0.70239,-10.719634,-0.463759,-2.969313
random_14,holdout,20260511,20260930,101,1740,21.29703,-0.326526,-0.244149,-0.082377,-0.242936,0.801548,-0.815284,-7.446748,-0.325313,-7.533508
random_15,train,20190101,20241231,1456,14368,22.382555,-0.750021,-1.813684,0.989929,-1.739949,0.91049,-0.346596,-11.435003,-0.804035,-1.64547
random_15,test,20250101,20260508,323,4351,19.857585,-0.395959,-0.751676,0.355717,-0.750588,0.878645,-0.601115,-10.290202,-0.447443,-2.690463
random_15,holdout,20260511,20260930,101,1769,21.188119,-0.30632,-0.223943,-0.082377,-0.222694,0.834371,-0.734334,-7.723875,-0.305071,-6.988871
random_16,train,20190101,20241231,1456,14393,22.440247,-0.711977,-1.77564,0.989929,-1.701905,0.899535,-0.319991,-9.157064,-0.778984,-1.415669
random_16,test,20250101,20260508,323,4606,19.074303,-0.4446,-0.800317,0.355717,-0.799315,0.929608,-0.678849,-13.049341,-0.459404,-3.071921
random_16,holdout,20260511,20260930,101,1651,21.138614,-0.317301,-0.234924,-0.082377,-0.233694,0.709944,-0.80217,-8.911189,-0.316071,-8.388477
random_17,train,20190101,20241231,1456,14375,22.57967,-0.775656,-1.839319,0.989929,-1.765585,0.912646,-0.365402,-11.739217,-0.837568,-1.76197
random_17,test,20250101,20260508,323,4239,18.962848,-0.368526,-0.724243,0.355717,-0.723104,0.898704,-0.571394,-10.742739,-0.422408,-2.446356
random_17,holdout,20260511,20260930,101,1791,21.346535,-0.331074,-0.248697,-0.082377,-0.247492,0.952572,-0.797541,-6.086783,-0.329868,-6.414048
random_18,train,20190101,20241231,1456,14288,22.374313,-0.61137,-1.675034,0.989929,-1.601299,0.93129,-0.271492,-7.546753,-0.75965,-1.01873
random_18,test,20250101,20260508,323,4578,19.356037,-0.516322,-0.872039,0.355717,-0.871168,0.938894,-0.788017,-12.113797,-0.533986,-3.616106
random_18,holdout,20260511,20260930,101,1781,21.386139,-0.288094,-0.205717,-0.082377,-0.204434,0.818529,-0.67239,-6.455537,-0.286811,-6.447563
random_19,train,20190101,20241231,1456,14037,22.411401,-0.761678,-1.825341,0.989929,-1.751607,0.915385,-0.35571,-12.425785,-0.811629,-1.724582
random_19,test,20250101,20260508,323,4562,19.154799,-0.502346,-0.858063,0.355717,-0.857166,0.928294,-0.764075,-13.813754,-0.512785,-3.625401
random_19,holdout,20260511,20260930,101,1792,21.49505,-0.32041,-0.238034,-0.082377,-0.236809,0.880682,-0.775037,-7.253984,-0.319186,-6.892955
