bond_id,name,meeting_date,before_price,after_price,T+0,T+1,T+2,T+3,T+4,T+5,T+6,T+7,T+8,T+9,T+10,T+11,T+12,T+13,T+14,T+15,T+16,T+17,T+18,T+19,T+20,T+21,T+22,T+23,T+24,T+25,T+26,T+27,T+28,T+29,T+30,T+31,T+32,T+33,T+34,T+35,T+36,T+37,T+38,T+39,T+40,T+41,T+42,T+43,T+44,T+45,T+46,T+47,T+48,T+49,T+50,T+51,T+52,T+53,T+54,T+55,T+56,T+57,T+58,T+59,T+60
111019,宏柏转债,2024-08-06,7.530,5.450,103.71,105.56,107.39,105.69,105.02,106.4,106.06,105.67,103.26,105.66,104.04,104.57,103.98,102.22,104.07,102.86,103.9,104.62,106.73,106.65,105.93,106.64,107.01,106.16,105.66,104.8,104.97,104.07,102.57,100.96,103.21,102.07,101.71,105.45,106.83,108.4,112.0,117.68,122.08,116.04,115.17,118.09,122.67,117.3,118.66,118.67,120.75,120.89,121.47,121.53,123.07,124.17,123.45,120.11,119.67,119.5,117.18,117.85,118.85,118.41,119.6
123240,楚天转债,2024-10-31,8.050,8.000,108.77,106.5,107.39,111.05,111.37,115.0,113.8,117.5,116.41,115.49,112.27,111.85,110.4,111.48,113.35,113.32,112.58,111.9,112.42,112.8,115.37,116.65,117.47,116.58,114.58,117.9,118.83,118.52,119.2,121.5,122.3,121.3,118.38,115.2,115.6,114.26,115.48,113.15,113.54,113.0,113.0,114.06,114.29,113.0,110.66,111.5,111.99,112.85,112.64,113.84,112.39,111.8,112.61,114.5,113.34,113.75,114.9,115.5,114.45,114.62,115.2
123240,楚天转债,2024-06-25,10.000,8.150,114.16,116.76,116.03,115.64,116.6,116.69,114.33,112.79,114.03,109.92,110.65,110.78,111.5,110.9,109.85,109.61,109.5,109.74,109.68,109.35,107.64,105.31,106.04,107.72,108.0,107.5,110.0,109.9,110.52,108.81,110.63,110.2,110.0,109.8,108.16,107.6,106.5,107.4,106.22,106.47,102.9,103.09,100.83,97.36,97.75,98.4,95.0,97.0,102.66,100.55,100.48,100.4,102.45,102.5,101.49,99.2,98.33,97.7,97.48,95.81,96.29
123237,佳禾转债,2024-07-15,21.600,13.580,109.55,109.9,108.54,106.23,109.45,107.48,106.12,104.97,104.89,107.03,108.07,107.2,109.6,109.75,108.2,106.04,106.29,106.0,106.31,106.5,105.94,106.11,108.5,106.87,107.19,107.26,104.34,104.24,102.35,103.34,106.49,103.84,105.06,107.25,110.06,108.08,108.2,107.0,107.8,107.6,107.09,106.32,105.6,104.65,103.8,102.76,104.58,104.32,103.73,107.13,108.8,110.67,112.64,118.5,130.0,121.12,122.2,118.99,118.5,117.49,125.26
123236,家联转债,2025-05-16,18.490,15.330,119.8,121.0,122.18,121.34,119.85,120.2,119.59,118.79,118.53,119.47,118.64,119.5,120.24,120.91,121.1,121.8,120.97,122.11,121.58,120.76,123.2,122.5,121.92,120.29,119.62,120.43,121.46,122.0,121.67,122.06,122.65,122.66,123.92,124.8,123.93,135.2,130.0,132.54,130.3,130.3,131.09,129.8,131.28,133.06,134.5,134.6,133.72,132.99,137.71,137.48,135.44,136.15,135.43,134.24,134.05,138.2,141.8,141.3,139.6,140.68,143.19
123238,卡倍转02,2024-03-27,49.010,41.430,161.0,164.0,155.0,150.3,146.33,139.01,147.0,141.1,139.92,141.7,136.0,129.97,133.45,134.32,139.86,145.16,141.8,163.0,157.3,149.0,145.0,154.0,154.0,162.4,153.9,156.02,152.7,153.62,154.79,154.4,152.4,156.33,153.0,154.33,151.69,150.88,149.48,151.5,149.4,143.71,172.45,183.2,195.0,177.5,162.89,172.5,161.0,166.5,163.22,162.6,190.0,172.5,174.0,173.0,171.45,173.0,166.58,172.0,173.52,169.8,164.0
127099,盛航转债,2024-09-09,19.110,15.600,111.04,113.95,114.01,113.67,111.69,109.59,112.4,111.7,112.37,118.0,118.51,119.94,120.05,124.3,124.56,119.53,119.83,118.1,121.41,119.4,120.22,121.6,123.0,125.0,127.24,133.4,135.89,137.34,138.1,140.55,151.01,141.38,136.4,132.5,135.91,138.4,144.2,144.0,146.0,142.59,144.42,145.19,140.8,127.71,133.6,136.07,141.85,133.1,128.2,130.1,130.76,127.97,129.0,129.5,128.35,126.13,128.69,131.56,129.51,128.95,128.25
123234,中能转债,2024-09-30,6.400,5.500,116.27,125.84,116.72,116.76,110.02,113.14,112.52,112.16,112.09,113.98,115.87,117.45,117.18,116.6,118.03,116.77,114.8,113.18,114.72,112.17,113.3,114.74,114.66,117.1,116.07,119.11,119.0,121.0,119.66,118.49,114.99,116.76,118.13,118.12,115.74,116.5,114.8,115.76,116.12,117.29,120.4,120.0,119.12,121.41,121.1,120.8,122.2,123.47,125.1,123.4,121.41,119.05,120.2,120.3,123.4,120.05,122.22,120.01,120.64,124.04,123.9
127098,欧晶转债,2024-10-11,44.710,42.000,105.4,100.92,101.0,100.48,100.15,101.5,102.69,103.0,106.6,103.82,105.85,107.1,104.7,103.42,106.0,104.6,104.7,105.46,105.21,105.9,105.54,107.07,106.09,106.82,104.51,103.0,100.82,105.4,104.9,108.27,106.26,105.63,104.56,105.5,107.12,107.85,108.9,108.5,106.1,106.8,106.84,107.03,107.2,108.6,110.28,108.7,107.65,107.6,108.1,107.39,107.88,107.11,109.55,108.59,109.61,109.61,109.04,107.87,106.35,105.97,106.22
123230,金钟转债,2024-11-07,28.880,24.500,119.6,118.37,119.99,119.8,118.48,117.0,115.1,112.47,114.6,115.67,115.97,113.45,114.0,113.31,113.89,114.5,115.7,117.13,118.2,117.5,119.12,119.16,119.19,119.27,120.55,122.9,121.07,119.05,116.88,118.36,118.14,120.29,117.63,118.18,116.96,118.39,118.61,117.78,116.6,115.4,114.2,113.27,115.14,114.6,115.3,114.68,114.78,116.8,116.6,115.86,116.0,117.99,118.0,117.36,117.3,118.3,117.6,117.8,119.62,121.8,122.43
123227,雅创转债,2024-06-27,53.340,45.220,123.18,124.4,122.3,121.16,118.22,114.48,116.25,116.37,120.2,121.9,123.9,124.5,123.06,124.0,121.27,120.24,134.52,124.52,122.5,119.95,118.92,121.31,122.93,123.83,125.19,126.5,123.85,122.5,122.82,120.2,121.3,120.41,118.47,119.05,118.82,118.27,115.95,115.89,114.2,114.5,114.59,115.75,115.84,113.26,115.05,116.31,118.26,115.72,115.91,115.35,115.92,115.5,115.5,114.99,114.19,113.83,112.8,111.15,112.23,111.53,113.34
123228,震裕转债,2024-03-13,61.570,54.580,113.7,116.3,117.77,121.32,120.2,120.78,120.21,119.38,116.6,116.33,113.72,114.33,116.8,119.56,120.35,119.9,119.1,121.2,122.13,125.9,127.8,126.93,122.68,126.21,126.83,124.86,123.56,125.57,126.0,127.39,126.21,129.18,129.6,133.15,131.61,131.32,134.09,133.14,130.6,130.2,130.3,128.99,128.61,130.34,128.43,128.63,126.83,127.64,127.47,127.3,126.28,126.0,126.21,125.06,126.25,125.05,123.34,123.12,125.63,125.91,124.5
113678,中贝转债,2024-07-11,32.880,27.450,120.32,120.4,120.65,121.52,118.98,118.31,119.19,118.04,115.73,113.7,113.7,115.63,116.29,119.67,120.3,120.7,118.96,116.15,116.43,117.35,116.1,116.0,113.98,113.5,113.91,113.29,112.1,112.61,112.05,111.65,111.55,113.31,114.14,112.76,113.03,114.04,115.62,113.55,113.58,113.15,113.97,113.4,112.64,113.15,112.24,111.76,111.35,109.58,109.93,109.94,110.96,113.63,114.83,115.68,118.74,122.88,128.73,121.07,121.75,117.99,120.0
123226,中富转债,2024-05-17,36.440,27.930,122.58,123.2,122.93,123.4,122.1,122.07,121.59,123.0,122.38,122.94,123.2,128.84,126.15,126.17,128.85,127.43,130.7,131.16,129.69,128.16,130.36,132.18,130.66,128.36,129.0,129.02,124.88,127.56,127.71,129.27,129.5,127.01,122.65,119.8,120.25,118.0,122.14,120.82,124.34,122.8,121.23,122.08,119.8,118.4,120.39,119.05,116.1,114.0,113.36,115.9,115.23,115.32,116.9,116.16,113.91,110.3,110.3,111.2,110.25,110.4,109.89
123225,翔丰转债,2024-03-12,33.630,27.800,114.99,117.9,116.06,116.61,118.92,118.4,118.64,118.13,116.12,117.97,123.0,119.1,122.7,125.9,131.61,143.0,136.4,134.2,159.07,148.3,144.0,135.65,126.8,122.7,127.43,128.3,126.2,122.02,122.78,124.8,127.6,128.3,127.8,124.95,128.95,128.55,126.08,132.8,130.2,127.8,128.33,127.5,126.34,126.9,126.76,126.3,127.1,124.55,123.33,125.35,123.12,125.6,126.4,126.25,123.57,124.5,123.89,122.55,121.4,122.3,122.46
118045,盟升转债,2024-09-27,35.020,21.100,106.88,114.44,137.33,129.5,128.18,122.79,128.93,130.07,133.32,131.01,134.39,153.69,149.18,156.66,153.91,150.82,149.04,141.1,138.35,145.0,138.97,141.14,152.44,155.64,161.18,184.04,191.96,192.83,184.06,175.91,179.34,169.06,170.96,169.41,169.95,161.57,161.44,163.35,171.0,175.38,175.19,173.04,169.36,165.41,167.91,167.44,165.41,168.44,169.16,186.13,188.47,180.1,173.32,177.1,180.92,181.58,172.59,174.15,170.12,174.14,180.63
118044,赛特转债,2024-10-24,24.200,19.000,119.38,113.35,113.83,109.58,108.07,106.89,106.01,107.0,108.03,108.05,109.21,108.4,111.1,111.41,110.53,110.25,109.36,106.96,107.66,109.02,108.94,108.02,107.3,108.0,108.18,108.92,109.64,111.19,112.33,110.67,112.27,112.14,111.57,112.74,113.18,113.87,113.73,112.72,111.42,112.0,111.16,111.42,110.25,110.29,110.47,110.97,110.5,110.28,109.11,108.58,108.45,108.35,109.54,108.65,109.36,110.04,110.0,110.39,111.45,111.39,112.2
123224,宇邦转债,2024-05-13,52.900,37.210,120.2,123.56,123.31,122.75,122.32,122.37,123.29,125.99,124.08,122.65,122.0,122.25,122.82,122.63,122.68,120.16,121.7,120.02,118.11,117.0,118.3,119.9,118.8,119.06,117.9,118.57,117.6,114.34,114.36,110.4,109.83,112.67,111.6,111.69,112.69,112.1,111.0,107.2,107.7,103.23,105.2,106.1,109.1,108.96,106.56,107.18,104.6,104.56,106.25,105.43,103.38,102.21,104.1,105.24,103.85,104.16,106.8,106.49,105.2,104.49,107.2
113676,荣23转债,2024-01-17,15.740,12.060,118.6,118.0,118.73,115.0,116.0,115.42,117.8,118.06,116.19,114.72,112.53,112.39,110.99,108.7,111.86,109.58,113.1,114.95,116.03,116.97,116.68,117.77,118.08,118.5,114.06,115.4,116.92,116.2,113.89,114.61,114.21,114.43,116.21,116.56,116.57,117.5,117.9,118.37,118.5,119.69,118.81,118.41,117.83,117.6,114.57,115.94,118.6,121.84,121.99,120.77,118.46,120.22,118.89,119.93,120.19,116.78,114.48,116.17,117.24,116.74,115.89
123220,易瑞转债,2024-09-18,12.870,8.890,90.8,93.5,93.2,93.1,94.77,97.1,98.59,104.05,109.7,117.8,109.14,109.3,106.3,108.74,108.81,108.97,109.26,111.9,112.9,115.0,113.55,112.35,114.8,115.8,113.81,112.65,113.6,110.53,112.42,113.69,113.78,115.1,114.5,117.0,116.68,116.46,114.74,113.69,110.28,112.19,114.97,114.85,111.88,113.8,123.6,125.75,123.62,122.51,123.02,121.77,119.35,120.63,122.25,124.72,123.58,124.4,125.72,123.64,121.61,119.31,120.62
127091,科数转债,2024-10-28,34.550,27.650,118.5,117.2,117.79,118.21,116.47,117.51,118.57,119.0,119.47,118.5,119.46,118.88,119.6,116.93,116.3,113.3,115.01,115.38,115.2,113.48,113.4,112.8,114.0,114.02,115.48,115.5,115.52,115.0,115.29,115.3,115.1,116.15,119.78,119.47,118.73,117.3,115.9,118.01,119.21,123.0,123.8,124.1,123.71,129.5,127.52,126.62,125.8,122.9,123.15,123.6,127.5,126.65,128.92,126.6,125.89,131.0,129.4,129.06,131.24,130.4,133.3
123219,宇瞳转债,2024-03-28,15.320,12.500,117.5,118.0,121.6,120.99,120.7,122.6,122.94,120.68,120.3,123.92,122.41,123.69,128.33,127.38,124.75,122.04,123.11,127.72,128.16,128.86,130.13,130.0,131.28,131.2,132.36,133.24,131.57,128.88,129.62,129.51,127.81,128.65,129.82,129.27,128.97,127.8,126.72,126.26,125.65,125.29,125.63,127.65,128.15,126.03,125.8,125.87,125.67,127.5,127.38,126.46,126.98,127.02,127.65,127.36,125.4,124.6,122.55,122.88,124.88,123.84,126.23
123218,宏昌转债,2024-03-11,29.620,28.000,112.03,109.1,109.05,108.42,109.2,111.12,112.0,113.6,113.34,112.23,111.6,110.5,108.8,110.28,110.83,113.22,113.55,113.02,112.4,112.7,111.6,112.0,123.14,113.5,111.47,115.13,118.5,115.44,113.6,112.82,113.3,113.9,116.32,115.8,119.25,122.45,123.0,121.8,122.58,123.9,124.0,122.8,120.67,120.67,121.25,120.5,122.35,123.72,121.1,122.84,121.16,118.89,119.3,118.85,120.08,119.09,118.84,118.35,115.45,117.36,118.23
110095,双良转债,2025-03-25,7.200,6.180,117.57,116.64,115.63,116.27,114.48,114.31,114.36,112.8,104.77,103.0,103.75,105.77,103.69,103.65,101.28,97.66,98.68,99.19,100.07,99.3,99.55,99.08,99.04,97.3,95.98,97.43,100.34,100.57,101.75,101.23,102.68,104.85,103.8,102.93,102.85,102.97,103.73,103.08,101.3,100.42,99.41,98.28,97.58,99.41,98.8,98.9,100.29,100.05,100.09,101.22,100.95,101.5,102.24,101.67,102.5,102.5,101.48,100.74,100.88,100.08,101.42
123216,科顺转债,2024-06-27,10.260,7.000,93.98,95.37,97.27,96.45,95.76,96.02,96.2,94.65,94.25,95.01,95.96,96.01,95.58,95.45,95.45,95.39,95.6,95.42,94.75,93.96,94.2,94.79,95.8,96.7,97.01,96.6,96.06,95.18,94.0,94.0,94.3,94.06,93.28,91.65,91.46,92.2,90.0,91.44,91.0,91.8,92.05,90.75,92.2,92.0,92.22,93.1,94.86,94.04,94.77,95.1,96.3,97.26,96.85,94.4,94.95,95.71,85.0,81.45,80.58,78.2,79.4
123215,铭利转债,2025-01-03,37.420,19.200,112.85,113.03,114.25,113.75,114.4,113.59,113.55,114.66,115.4,115.46,116.11,116.48,116.79,116.0,115.8,116.3,114.71,115.49,116.5,117.65,117.86,117.31,117.89,118.61,118.41,118.82,120.0,122.04,121.75,122.3,122.3,121.26,122.39,120.7,118.72,119.17,119.64,120.24,122.25,126.4,133.01,129.0,128.55,127.89,128.5,126.93,126.74,129.6,129.48,125.7,125.9,125.65,126.18,123.46,124.0,122.7,122.53,123.07,121.65,112.12,113.72
113068,金铜转债,2024-08-26,6.630,5.900,98.74,97.0,97.79,98.44,99.87,99.09,98.75,98.99,100.32,99.7,99.32,98.77,98.88,98.2,97.33,97.66,99.25,98.9,99.12,103.38,102.91,105.35,106.57,108.1,110.1,105.76,105.1,103.08,104.89,104.38,104.98,104.55,105.09,105.64,106.02,106.82,105.61,106.22,106.99,107.04,106.1,107.0,108.34,109.16,112.63,111.69,112.06,111.18,112.62,111.57,110.89,108.99,108.27,107.35,108.75,108.98,108.96,108.0,108.83,110.28,109.57
123212,立中转债,2024-07-04,23.300,19.090,117.3,117.2,116.0,119.4,118.7,120.0,119.72,118.14,117.69,116.64,116.01,115.24,113.91,111.5,109.5,109.0,113.23,110.57,110.43,114.08,114.61,113.59,110.02,109.18,108.32,108.31,108.01,107.0,107.43,106.6,105.4,101.88,102.85,101.17,101.68,101.54,101.5,104.5,103.3,103.34,102.39,104.57,101.76,102.36,102.58,103.2,101.49,101.3,99.89,100.4,100.45,99.74,97.48,99.86,97.01,96.8,101.11,100.9,104.88,107.68,113.4
118040,宏微转债,2024-01-29,62.350,40.000,113.0,111.67,108.5,108.32,106.89,104.57,107.41,107.01,109.92,110.0,111.06,111.79,112.31,111.88,112.8,114.95,110.25,112.59,113.86,113.44,111.9,110.73,109.69,109.9,111.53,112.44,112.5,112.32,112.35,113.72,114.0,114.48,114.12,112.75,111.12,109.4,107.65,108.08,109.0,109.6,109.04,108.81,107.69,108.39,107.61,107.51,107.72,105.78,102.98,103.84,104.16,103.58,102.85,103.29,103.92,104.18,102.52,102.91,102.54,103.5,103.86
123208,孩王转债,2024-02-23,11.640,7.180,113.74,116.1,118.9,115.0,116.99,119.4,122.0,118.46,117.35,116.11,115.8,116.41,116.6,116.28,115.59,115.51,116.4,116.4,119.52,119.38,117.36,116.15,113.72,111.53,112.04,112.44,114.61,114.29,114.45,112.48,114.03,113.56,114.16,113.74,112.3,109.5,112.09,111.95,111.14,110.76,110.91,111.41,112.95,115.09,116.29,116.3,117.33,117.15,116.59,117.19,117.11,115.71,116.39,116.09,116.28,115.82,117.2,117.8,117.62,116.52,115.9
113673,岱美转债,2024-03-15,15.720,13.310,122.32,120.9,119.89,120.58,120.61,119.85,120.09,118.95,117.5,117.94,118.38,118.33,117.63,117.28,118.68,118.44,118.44,119.25,119.6,118.75,116.47,117.43,118.5,117.33,117.75,117.77,119.74,119.18,119.86,121.2,126.23,127.08,127.0,125.88,126.68,126.55,127.18,127.12,125.84,126.01,125.25,125.5,124.96,125.2,125.04,124.24,124.3,123.68,123.55,123.8,123.6,122.76,123.12,123.44,122.51,122.26,121.84,122.02,121.4,121.5,122.53
127089,晶澳转债,2025-07-22,38.220,11.660,115.28,122.5,124.67,124.35,122.39,124.0,123.32,120.6,121.49,121.8,122.54,123.18,122.35,122.22,123.58,123.11,123.45,122.6,124.76,126.46,126.36,126.7,127.36,128.4,128.91,128.3,124.2,124.83,126.27,124.5,123.07,125.03,127.8,132.5,132.55,129.2,128.3,129.23,129.23,127.83,128.16,129.47,127.12,125.68,124.54,124.25,127.2,127.0,127.22,128.37,129.09,129.56,128.51,127.77,129.37,131.01,129.6,127.9,127.16,127.86,127.33
123207,冠中转债,2024-02-26,16.560,10.500,109.7,114.7,113.17,114.6,113.8,113.31,110.82,111.44,111.16,111.17,112.4,113.66,113.63,113.38,114.66,116.63,116.5,117.33,116.71,115.0,113.88,113.9,111.1,112.63,114.5,115.51,115.66,115.51,114.13,114.82,113.72,114.33,114.28,110.06,105.7,109.55,109.02,108.1,106.66,107.53,108.37,108.97,108.2,108.34,110.09,113.37,114.78,114.15,116.5,114.5,113.2,111.48,110.38,110.96,111.15,111.1,110.01,111.69,110.95,111.0,111.32
123205,大叶转债,2024-03-06,20.010,11.190,113.88,115.81,116.3,116.5,117.6,117.84,118.55,120.01,123.3,124.26,124.74,125.28,123.47,122.11,123.01,119.32,121.18,123.6,125.81,126.07,126.1,129.66,131.5,128.34,129.06,130.7,123.5,116.9,121.2,119.01,117.78,123.0,123.05,126.01,127.75,127.6,130.4,131.0,133.95,131.58,130.7,133.98,137.2,142.6,143.34,137.38,137.3,132.72,133.35,132.0,130.2,128.76,130.29,134.55,131.13,131.43,131.5,131.9,129.16,127.55,124.1
118038,金宏转债,2024-10-14,26.970,19.070,113.9,115.54,117.1,117.0,120.86,122.7,121.44,121.51,120.48,121.92,122.41,120.19,117.6,119.19,118.37,118.79,120.17,119.73,120.38,121.09,123.97,123.52,123.0,121.31,119.01,116.06,117.95,119.24,118.97,117.06,118.0,117.33,118.23,118.03,118.5,119.74,119.8,119.26,119.2,119.88,118.95,120.57,122.56,122.61,121.81,120.0,118.79,120.02,119.7,120.18,119.99,120.11,119.06,119.5,119.46,119.34,118.49,117.15,117.34,116.84,118.16
123204,金丹转债,2024-03-08,20.940,15.080,109.0,113.4,116.17,116.8,115.52,119.4,122.9,123.5,123.86,122.06,120.29,118.76,118.16,116.1,117.5,118.8,121.2,122.06,122.53,119.11,121.27,120.4,121.0,120.5,115.29,111.01,115.36,115.52,115.92,113.41,114.0,114.97,115.85,117.19,120.52,123.1,142.0,136.5,132.94,132.32,131.26,126.0,126.2,129.19,128.3,130.15,129.36,128.47,126.51,124.04,126.0,127.14,125.8,124.92,124.35,123.92,121.58,121.19,119.9,117.63,119.7
110094,众和转债,2024-02-02,8.200,7.040,111.93,112.46,118.59,121.0,122.0,121.64,121.29,121.67,121.7,121.53,120.4,120.08,118.91,119.87,120.18,120.14,119.5,121.33,121.46,121.75,122.3,121.61,121.57,122.33,124.5,125.46,124.7,125.39,125.66,124.57,125.12,124.84,122.59,124.09,127.0,127.18,127.0,129.02,128.26,128.78,128.38,129.06,130.54,126.92,126.67,130.1,131.74,129.3,127.78,125.64,128.97,127.4,129.65,129.05,128.43,129.51,129.49,128.43,130.89,131.6,129.53
111015,东亚转债,2024-04-01,24.950,20.600,120.46,124.15,126.45,127.02,129.39,129.84,131.41,131.96,127.5,128.03,129.83,131.49,133.19,131.46,131.47,129.1,128.31,130.0,131.19,133.92,136.23,136.35,135.61,137.11,133.13,130.81,130.02,128.03,128.26,127.89,129.16,126.97,126.2,125.41,123.42,123.26,121.57,120.72,119.55,120.03,118.72,119.94,119.4,116.23,118.36,117.38,117.62,117.79,120.2,121.78,121.09,121.33,119.85,118.98,114.99,116.59,119.55,118.43,120.21,119.0,118.17
118037,上声转债,2024-06-06,47.540,29.580,116.9,118.43,120.11,121.92,123.68,123.28,122.5,123.09,122.35,120.11,118.79,117.14,116.29,118.58,118.2,119.3,119.6,118.75,116.84,116.8,116.34,114.25,116.27,116.96,119.44,118.45,116.87,116.19,113.45,112.67,113.41,111.89,109.67,106.78,106.82,108.3,106.62,106.1,109.09,108.55,107.69,106.19,107.38,108.1,107.88,106.88,106.61,106.57,106.16,104.85,103.18,102.89,100.03,100.92,101.41,99.8,103.22,101.18,102.17,105.21,106.65
123203,明电转02,2024-05-07,14.750,12.090,119.02,120.52,122.07,120.58,118.6,118.42,118.07,118.53,119.08,119.69,119.69,119.9,118.73,118.37,118.6,118.17,117.77,119.75,121.24,120.7,118.46,118.24,128.83,125.0,128.0,131.0,128.03,131.5,136.0,142.5,137.18,133.7,132.2,128.8,130.9,133.08,128.28,130.1,129.7,127.2,125.16,123.22,122.6,119.45,126.5,124.76,130.6,128.99,125.92,126.92,123.3,122.3,122.48,121.19,118.32,116.57,115.93,117.3,117.15,117.59,120.2
123202,祥源转债,2024-08-15,19.210,15.180,107.0,107.66,107.69,105.3,108.0,106.23,105.65,108.18,107.56,108.36,111.98,113.98,111.42,111.65,111.9,111.34,110.1,110.05,108.55,108.22,107.32,105.84,103.22,104.12,103.28,102.42,106.9,106.6,108.53,111.53,118.5,127.5,116.05,118.12,114.5,119.68,118.7,117.99,119.0,121.8,123.27,123.04,122.09,120.46,123.16,125.6,123.38,124.7,122.88,123.7,127.22,127.8,126.39,128.8,133.17,150.18,145.94,141.6,138.96,144.69,139.41
118036,力合转债,2025-02-26,36.080,29.000,128.27,128.88,125.97,125.64,128.58,129.76,131.59,129.85,129.78,128.46,128.16,126.17,127.27,126.74,127.7,126.04,125.3,123.03,122.87,122.35,123.49,126.96,126.35,127.34,127.13,127.28,126.13,118.75,118.87,121.73,123.64,125.74,125.4,124.63,122.68,123.45,122.68,123.29,124.14,125.03,123.49,121.66,119.27,119.48,120.08,121.7,121.43,121.84,120.7,122.56,122.38,121.96,120.66,120.62,120.8,121.52,121.3,120.73,120.6,120.45,119.43
127087,星帅转2,2024-07-18,13.260,8.100,108.08,112.5,112.19,110.63,108.4,110.5,114.54,113.8,113.3,115.82,117.5,115.69,113.25,113.9,114.99,115.2,114.3,113.16,113.98,112.36,112.24,108.96,109.45,107.3,105.35,104.69,103.93,106.82,105.11,105.43,109.0,110.06,108.36,108.38,108.22,109.03,108.72,107.99,107.1,107.02,107.1,106.15,105.47,106.97,105.86,105.06,109.0,110.51,114.6,116.89,120.09,124.21,117.75,119.1,118.3,119.61,118.02,117.5,116.89,118.38,119.36
123199,山河转债,2024-05-16,18.250,13.850,168.0,137.0,153.0,148.5,150.5,150.0,148.4,131.5,127.8,129.0,126.54,125.61,122.9,124.43,123.47,120.5,123.65,125.0,125.0,125.2,124.63,125.11,124.66,130.07,131.76,133.1,148.32,128.05,121.8,116.42,117.65,120.4,120.5,118.2,112.2,113.96,111.0,111.72,111.01,112.32,114.8,112.5,111.55,110.19,110.5,112.1,112.5,109.9,107.9,106.92,108.16,107.2,107.16,108.9,109.21,109.72,107.5,108.34,108.02,111.0,110.66
123198,金埔转债,2024-09-05,12.110,7.600,96.75,97.44,99.41,98.73,98.44,98.64,97.65,96.21,97.62,96.0,96.25,99.1,99.7,101.79,105.48,114.7,123.99,110.05,111.84,108.65,118.4,116.48,116.61,115.2,116.48,117.03,116.7,118.11,116.1,118.07,120.56,116.57,116.61,119.6,115.21,116.41,118.0,118.33,121.96,121.39,123.63,122.5,122.8,120.0,119.63,117.99,118.66,120.47,120.29,117.7,118.38,119.07,119.62,120.05,121.12,121.87,123.89,121.42,121.98,122.47,123.22
123196,正元转02,2023-12-05,32.800,21.990,117.3,116.95,117.8,117.68,118.27,118.9,118.3,117.6,117.02,115.55,115.0,114.38,114.8,114.31,113.8,112.0,112.18,113.84,114.85,115.16,114.39,114.4,113.0,112.05,112.31,111.38,113.25,112.0,111.2,110.75,109.1,108.55,108.33,106.15,105.78,104.75,106.6,106.9,104.68,104.5,103.81,103.79,101.54,99.9,100.6,98.03,100.2,104.1,104.55,104.4,105.0,108.2,107.87,108.23,103.94,105.0,105.53,104.7,103.26,103.42,103.26
123190,道氏转02,2024-11-04,15.030,12.930,110.2,115.5,119.54,119.2,123.07,131.5,124.0,124.0,121.56,125.98,124.03,126.52,130.34,129.68,131.65,138.9,126.3,131.98,128.9,131.74,130.76,126.76,125.3,129.12,127.88,128.49,128.6,128.2,128.65,127.88,125.23,123.4,124.9,125.87,126.2,124.18,124.6,122.69,122.7,124.18,124.9,122.33,120.38,119.25,119.11,121.3,120.4,122.9,122.55,122.5,124.0,125.7,125.31,126.6,126.88,126.5,125.68,125.9,126.63,125.88,126.38
123191,智尚转债,2024-05-28,12.170,9.520,117.8,121.8,122.21,122.85,123.52,140.14,128.6,127.59,126.13,126.5,126.66,126.9,125.8,124.8,124.6,122.8,119.95,119.3,116.01,119.36,121.65,118.5,121.39,123.66,122.19,118.0,116.8,117.2,114.51,116.18,114.76,118.87,117.0,114.71,114.4,112.88,112.8,113.58,112.8,111.6,108.88,107.5,111.7,110.5,108.85,113.69,111.4,110.72,108.9,109.98,110.55,109.62,109.18,107.9,107.8,106.87,105.91,100.67,102.42,99.45,101.4
123185,能辉转债,2024-11-26,28.000,22.660,114.68,115.5,116.64,116.8,117.67,117.63,116.04,117.16,117.13,117.47,118.0,118.45,119.5,118.45,117.15,115.12,115.45,115.22,116.9,114.5,116.46,115.22,116.1,116.8,115.33,114.08,113.6,113.04,113.09,114.99,114.27,114.68,113.27,113.35,115.34,115.6,115.01,115.2,116.62,116.9,116.86,116.83,117.6,116.3,117.05,118.26,119.34,119.75,118.38,118.9,118.0,117.85,118.29,117.5,119.4,119.52,119.9,119.74,119.3,120.76,120.3
123186,志特转债,2025-01-20,18.000,12.500,118.2,123.0,125.49,123.43,127.18,124.53,125.5,130.33,128.94,130.5,128.1,129.43,128.72,129.32,127.5,128.8,132.72,139.5,142.54,140.8,141.6,145.89,141.62,138.11,137.1,133.71,137.4,142.48,143.05,143.3,147.79,161.4,169.3,168.67,169.39,161.6,169.0,165.2,156.1,158.5,154.01,159.62,160.7,155.54,154.0,154.98,156.9,153.5,131.04,138.7,139.1,147.31,149.45,148.73,147.38,145.8,147.1,153.7,160.31,157.7,153.87
113668,鹿山转债,2024-07-22,58.680,22.980,98.85,105.03,102.96,106.31,105.63,108.03,109.31,115.8,114.73,114.36,113.35,113.98,113.99,110.9,111.74,112.25,114.02,112.19,111.15,107.8,108.23,105.52,106.75,106.88,104.68,110.84,111.47,111.67,113.12,115.34,113.41,115.7,114.75,115.46,113.86,113.28,114.2,115.14,114.98,110.98,109.16,110.21,110.91,110.28,114.66,116.33,118.03,120.82,128.27,138.53,125.81,124.01,121.91,125.53,124.3,123.96,122.98,126.17,128.6,129.22,131.68
113066,平煤转债,2023-07-24,10.920,9.060,115.56,116.58,117.4,119.18,120.02,119.61,119.2,118.44,118.5,118.63,117.62,117.44,116.69,117.8,117.0,116.18,116.38,116.24,116.04,116.34,115.88,116.16,118.04,118.12,118.15,119.45,119.92,120.15,121.2,123.95,125.36,125.85,126.94,124.75,124.9,125.91,125.6,126.28,127.56,127.93,127.99,127.57,127.88,127.08,127.47,126.12,125.89,125.99,126.92,127.66,126.13,125.65,125.61,126.7,126.36,126.11,125.19,124.78,124.5,121.62,123.99
123184,天阳转债,2024-02-26,14.920,11.880,119.0,120.99,117.88,119.7,121.5,121.09,119.22,119.7,117.9,118.88,119.0,119.0,119.88,119.17,119.8,121.11,121.43,122.6,123.77,122.9,121.91,119.02,116.14,117.29,117.99,119.9,119.52,118.82,117.3,117.04,116.2,117.18,117.17,114.9,112.24,114.85,115.58,115.39,113.8,115.13,116.6,118.55,122.98,123.45,124.52,126.42,126.0,125.03,125.6,125.56,123.65,123.98,123.92,123.56,123.74,125.81,124.26,123.73,122.0,122.1,123.18
123178,花园转债,2024-05-16,15.050,13.560,118.88,117.39,117.29,116.1,116.06,114.93,114.9,115.52,114.66,114.41,116.5,118.41,115.0,116.4,118.11,115.99,117.68,117.97,118.3,118.19,118.6,117.31,118.6,117.71,116.54,118.63,118.58,120.3,123.5,122.4,123.8,127.7,128.5,127.44,125.15,124.15,120.91,123.01,120.13,123.08,121.3,117.54,121.66,121.8,123.4,127.0,125.47,121.29,119.47,118.28,121.3,120.7,119.38,124.5,125.2,123.12,118.81,119.66,120.43,122.6,119.5
127081,中旗转债,2024-07-10,30.020,20.700,110.1,116.58,114.36,111.3,110.67,109.37,109.33,113.64,112.5,117.85,137.5,130.0,112.9,115.19,113.81,118.0,117.06,113.3,113.51,114.0,114.16,112.65,113.0,112.4,114.38,114.56,114.02,111.4,110.12,107.48,107.63,106.7,106.32,108.63,107.6,107.33,109.9,110.88,108.54,109.95,110.4,110.3,109.99,109.06,108.4,110.31,108.66,107.75,106.78,108.09,106.34,106.68,109.82,111.95,113.43,119.71,121.98,123.93,115.11,115.4,113.16
123174,精锻转债,2025-01-10,12.760,9.500,118.18,119.95,124.96,125.0,124.29,124.39,125.0,130.0,129.0,127.18,129.99,126.32,129.03,131.6,130.2,129.24,127.99,136.03,135.1,133.14,133.67,135.43,141.8,141.89,146.89,142.38,142.22,147.91,144.7,135.8,133.5,137.2,145.89,147.1,152.7,152.18,148.38,150.18,145.1,155.5,164.72,165.8,165.0,175.5,160.0,155.15,156.0,164.25,157.42,159.0,149.81,146.12,149.0,143.3,124.5,127.6,132.37,137.55,140.46,138.5,137.81
123175,百畅转债,2024-01-22,24.000,20.400,108.9,105.67,105.22,106.33,106.54,104.57,103.23,101.6,100.1,96.41,91.6,90.6,90.5,93.24,95.12,98.4,97.9,97.79,97.99,98.1,98.7,96.25,96.8,97.43,96.3,96.25,95.86,95.54,95.03,95.78,96.36,96.66,96.41,97.1,97.6,97.52,98.2,98.22,97.43,96.37,95.64,94.4,94.75,94.85,95.55,95.99,95.7,94.5,94.86,93.95,94.3,94.99,91.2,88.96,90.56,91.05,91.0,89.91,90.53,91.44,91.49
118031,天23转债,2025-08-14,25.000,16.000,119.3,122.13,124.78,124.53,125.28,125.93,127.84,127.2,126.22,121.26,121.77,122.43,121.22,120.42,121.01,123.24,128.15,127.86,125.84,123.96,125.6,126.22,124.83,124.74,125.44,124.21,123.5,122.51,121.74,124.1,124.77,124.28,125.32,126.37,128.4,126.91,125.64,126.31,128.37,127.23,125.57,125.7,126.53,125.6,125.77,125.43,127.24,126.32,130.41,128.8,130.53,134.71,133.51,141.05,141.4,138.96,138.36,138.35,134.87,135.5,132.58
123172,漱玉转债,2024-03-06,21.160,15.000,115.45,116.0,116.0,116.92,117.85,117.89,117.76,118.47,119.93,120.29,121.0,121.4,120.1,116.04,115.7,115.1,115.0,114.48,116.0,116.26,116.99,115.01,115.78,114.42,115.0,115.3,112.7,110.72,113.9,114.6,114.23,113.63,113.59,113.9,113.72,115.28,115.74,115.26,117.63,117.63,117.23,118.52,118.4,117.76,118.69,117.62,116.8,116.52,116.67,117.5,119.29,117.9,118.21,118.74,116.9,117.5,116.89,116.6,115.04,115.68,115.03
127079,华亚转债,2025-02-21,52.920,43.300,127.02,128.61,130.78,131.9,130.05,127.38,126.45,127.95,131.1,131.37,131.56,129.7,129.22,129.4,129.19,129.15,129.89,130.55,129.69,129.66,129.0,127.78,127.85,129.1,131.3,129.36,125.77,128.16,131.39,131.37,122.9,126.11,130.46,132.6,132.08,131.72,132.87,134.4,133.79,133.38,135.13,134.78,134.36,133.1,132.55,131.84,131.77,132.11,133.66,133.5,134.09,132.55,135.27,134.3,132.58,131.31,130.77,130.09,131.17,130.92,131.16
118029,富淼转债,2024-12-16,19.770,18.430,113.98,107.48,109.42,110.06,112.64,109.6,109.35,107.8,107.98,108.33,107.67,107.03,107.08,106.38,106.0,106.88,105.94,107.29,106.97,106.6,108.66,108.59,109.29,109.9,109.53,110.55,110.98,112.8,114.46,114.71,115.32,115.3,114.85,114.81,114.58,114.84,115.24,115.9,115.65,114.9,115.38,114.82,114.12,114.04,113.91,113.98,114.81,114.61,115.08,114.65,114.74,114.27,114.38,115.25,115.8,114.02,113.94,113.5,111.14,111.86,112.67
113065,齐鲁转债,2023-02-03,5.870,5.680,98.86,98.91,99.43,99.45,99.5,99.7,99.89,99.89,99.19,99.12,99.1,99.26,99.16,99.11,99.11,99.12,99.14,99.15,99.14,99.21,99.26,99.23,99.46,99.41,99.6,99.56,99.47,99.3,99.5,99.4,99.38,99.24,99.23,99.26,99.23,99.19,99.05,98.8,98.35,98.32,98.42,98.51,98.65,98.52,98.61,98.5,98.21,98.3,98.46,98.61,98.72,99.06,98.89,98.81,98.53,98.4,98.38,98.52,98.7,99.13,99.5
127077,华宏转债,2024-05-17,13.920,11.140,116.7,117.25,115.3,115.51,113.5,114.28,114.28,113.76,113.65,114.38,114.15,112.6,111.97,110.63,108.55,107.5,109.3,109.82,108.48,108.59,107.51,107.05,105.8,100.8,97.72,94.0,93.7,96.0,93.52,92.69,96.79,95.4,92.61,90.96,90.52,85.99,88.27,88.25,89.16,88.75,88.0,87.94,85.79,83.25,81.7,81.87,80.79,79.69,80.52,91.0,85.2,84.22,85.4,85.61,84.66,84.6,84.75,84.52,84.18,84.2,84.2
113663,新化转债,2024-09-18,31.420,20.250,107.44,110.77,111.35,112.8,117.23,117.32,120.85,121.66,127.58,127.84,122.67,122.3,120.92,123.25,125.32,127.28,126.07,126.35,129.81,129.03,128.2,126.62,127.38,126.86,124.58,122.15,122.43,123.4,123.94,125.38,125.33,125.82,124.82,128.34,128.52,131.1,128.12,112.06,123.64,125.76,126.24,126.05,123.48,123.23,124.45,125.67,125.97,129.18,130.45,129.4,128.73,129.94,130.3,131.52,131.81,132.16,133.48,130.85,129.34,129.31,129.66
123170,南电转债,2024-06-06,33.860,27.080,122.62,126.1,130.6,130.74,130.4,129.0,129.67,130.0,131.4,128.32,128.98,129.28,125.98,128.93,127.39,128.0,127.5,127.17,126.04,124.67,125.41,124.1,127.6,126.76,127.41,127.55,126.6,126.89,126.43,128.74,128.4,127.6,123.92,120.68,119.7,122.98,121.99,122.43,124.92,126.73,124.12,119.91,120.14,120.44,120.83,120.25,119.1,118.8,118.05,118.2,114.99,116.5,114.91,116.16,115.08,117.11,118.27,116.77,116.39,118.72,121.09
113661,福22转债,2025-03-13,32.940,15.000,122.26,124.89,124.63,125.14,123.97,123.68,123.24,121.97,123.68,123.77,123.35,122.41,121.52,120.94,121.1,120.83,113.7,115.36,116.08,117.41,116.48,117.49,116.43,114.98,114.92,114.98,115.13,115.53,116.25,115.14,115.34,115.17,115.25,115.63,117.67,116.81,117.43,116.7,118.27,118.43,117.73,116.78,116.88,117.88,117.91,118.06,117.34,117.26,116.33,115.75,115.58,116.89,116.8,116.35,116.72,117.47,117.35,118.48,117.95,117.92,117.68
111010,立昂转债,2024-04-30,44.960,33.580,109.28,107.73,108.43,108.52,109.69,109.57,109.3,109.08,108.26,107.98,107.92,108.08,107.59,108.27,107.33,107.04,107.63,107.53,107.99,109.33,109.56,109.5,108.1,109.12,109.99,109.4,111.82,112.19,112.26,112.23,112.5,113.42,112.56,111.46,110.22,107.55,106.6,109.51,109.78,110.67,109.65,109.0,109.38,108.35,108.63,107.4,109.2,109.4,110.44,110.15,109.68,109.53,108.3,108.25,110.06,108.67,107.3,105.79,105.61,106.73,105.92
123166,蒙泰转债,2024-11-06,25.750,23.470,114.2,116.62,116.8,117.3,116.97,119.85,118.38,117.57,116.65,117.43,118.35,120.3,118.3,119.94,121.5,119.98,120.06,120.99,121.37,121.9,120.52,122.89,120.96,119.23,119.28,120.38,121.4,121.44,122.29,119.16,125.8,122.91,122.87,124.5,124.6,124.24,124.92,125.5,126.99,126.95,126.15,123.51,124.82,128.24,128.2,127.9,129.8,128.79,130.25,129.84,129.9,129.61,128.36,129.09,127.76,127.54,127.0,129.19,131.34,131.72,131.3
118025,奕瑞转债,2023-11-24,354.540,230.000,117.29,122.81,123.06,123.31,122.78,122.78,124.86,124.54,124.01,124.03,126.3,127.41,127.07,129.0,127.58,126.32,127.74,126.97,128.72,129.33,128.64,129.63,129.32,132.59,136.42,142.39,137.2,133.08,134.78,131.89,131.06,132.04,129.24,130.4,129.89,129.88,129.24,124.65,125.55,126.73,124.19,124.4,122.9,125.16,122.92,120.69,120.38,117.9,120.53,119.97,121.91,129.79,131.49,127.45,123.88,126.34,128.42,126.33,129.77,127.79,127.4
118026,利元转债,2024-09-02,45.000,21.000,82.65,90.16,92.21,92.04,91.09,91.28,90.93,91.89,91.4,88.93,86.47,86.52,85.31,84.8,88.44,90.62,92.56,98.92,111.01,127.66,113.04,110.15,106.3,107.75,106.85,106.18,105.46,109.23,112.35,112.1,115.22,112.0,116.16,117.26,113.99,111.79,110.62,107.76,109.32,111.44,113.25,117.64,116.96,140.36,161.07,159.98,155.31,146.71,142.09,141.56,144.68,140.55,134.09,135.87,131.91,133.72,131.83,132.94,134.1,129.28,123.88
127075,百川转2,2025-05-14,8.180,7.530,117.75,118.15,118.5,118.07,117.92,118.4,117.0,117.16,116.55,115.95,115.75,116.7,115.7,115.67,116.31,116.79,116.67,116.9,116.52,116.8,116.22,115.49,115.74,115.47,115.37,114.79,114.98,115.93,117.0,117.63,117.1,117.6,118.82,119.22,116.4,115.95,113.7,114.4,115.4,114.76,114.9,115.5,115.22,114.4,115.02,115.63,116.44,119.09,119.74,119.45,120.67,120.86,119.4,119.14,118.84,117.35,117.9,118.41,119.38,119.8,119.79
123161,强联转债,2024-10-24,40.260,21.890,114.5,121.04,123.0,122.5,121.0,121.7,121.02,122.38,123.14,124.9,125.5,126.0,129.0,128.0,128.31,127.0,125.3,125.95,126.5,126.5,125.6,123.6,124.26,124.0,124.9,125.1,125.4,126.2,126.0,124.98,125.5,124.75,123.5,123.99,123.5,123.52,123.01,120.02,118.43,118.5,118.9,120.19,118.4,119.89,118.9,117.7,118.02,117.77,116.5,114.45,115.16,115.18,116.1,114.9,115.3,114.6,114.99,117.29,117.65,117.42,118.69
118023,广大转债,2025-03-06,32.960,21.200,119.0,123.02,123.83,122.75,124.53,124.8,124.96,125.08,125.49,124.1,124.91,123.76,122.69,122.84,122.7,123.37,124.31,125.27,126.58,126.4,125.06,119.53,119.6,122.61,125.67,124.22,126.13,124.75,123.88,123.36,123.19,125.6,124.97,127.1,126.47,126.65,125.72,124.77,124.31,126.44,127.73,128.8,126.59,128.55,128.29,127.34,127.06,128.18,129.0,128.78,128.46,127.46,126.87,127.41,126.52,127.2,127.35,127.97,128.98,129.39,128.63
111007,永和转债,2024-08-05,23.680,20.130,112.8,112.01,112.93,112.4,112.69,111.6,111.31,109.62,108.29,105.04,105.48,104.16,104.67,103.6,106.26,107.82,106.76,106.37,106.83,107.59,105.81,106.67,106.5,106.96,106.0,105.26,103.88,105.7,105.1,104.36,105.2,106.25,105.9,105.11,109.55,109.04,113.62,118.0,118.07,120.12,115.51,114.65,111.07,112.33,112.7,113.31,113.04,114.7,116.07,114.67,115.69,115.32,117.66,118.48,116.36,115.95,115.93,114.82,116.52,118.53,118.57
123160,泰福转债,2023-05-15,23.400,19.890,117.7,116.92,117.6,117.6,117.4,118.29,117.6,117.15,117.26,117.6,116.9,117.73,117.28,117.16,118.04,118.15,117.74,118.01,117.8,118.2,118.66,119.12,118.95,119.78,119.93,119.3,119.76,119.12,118.46,119.32,119.88,120.12,120.82,120.49,121.4,121.38,121.92,121.82,122.12,122.18,121.46,122.4,122.83,123.11,124.18,124.4,124.0,122.1,122.45,123.75,124.39,124.48,125.22,126.36,126.07,126.0,125.25,123.95,122.77,122.81,123.75
113657,再22转债,2025-01-06,5.910,4.250,112.18,112.01,111.2,111.73,111.02,111.1,112.63,112.14,112.11,113.18,113.7,114.13,113.94,114.3,114.37,114.65,115.61,116.92,117.5,117.69,118.0,118.01,117.42,117.02,117.2,116.14,116.37,116.41,117.11,116.7,117.0,118.0,116.81,114.76,113.92,115.3,115.07,116.39,117.0,116.69,115.67,115.27,114.67,115.67,115.99,119.1,117.38,117.56,116.35,114.92,115.39,116.1,116.01,114.76,114.68,115.47,115.49,115.3,110.25,109.8,111.58
110089,兴发转债,2023-08-09,38.550,30.000,115.79,114.69,114.2,113.62,113.64,113.87,113.97,113.68,114.06,113.9,113.28,113.61,113.1,113.3,114.54,113.87,113.36,114.19,115.19,115.01,114.93,113.35,112.76,113.0,112.84,112.58,112.4,111.82,111.88,111.12,110.98,110.76,111.37,110.54,110.17,110.96,111.8,111.35,110.39,110.0,110.34,109.19,108.5,108.8,107.8,107.41,107.66,106.67,107.99,107.7,108.18,109.85,109.89,109.08,108.71,107.78,108.6,109.36,109.78,109.0,109.46
127073,天赐转债,2023-11-14,48.250,28.880,115.25,120.8,119.3,119.6,120.48,120.34,118.49,118.5,117.0,115.05,115.05,114.1,114.17,114.4,113.09,112.14,113.38,113.7,113.87,114.52,114.14,112.92,111.69,112.22,111.5,110.55,108.9,110.3,112.53,113.1,112.5,113.0,116.0,117.0,115.88,115.0,113.8,112.85,111.0,112.28,112.91,115.0,115.34,114.55,115.12,112.5,113.7,113.5,109.8,110.17,108.9,111.18,110.03,107.8,106.0,106.41,106.92,106.92,105.3,108.58,107.11
113658,密卫转债,2024-05-06,134.110,57.000,114.57,125.43,126.29,130.1,128.66,128.27,131.83,131.65,130.61,130.92,130.77,130.68,128.6,127.46,127.49,129.85,129.44,131.2,132.8,132.31,132.75,133.46,131.25,129.55,129.2,129.27,128.77,127.22,126.22,125.26,126.66,124.66,123.9,121.8,119.43,120.1,123.0,121.67,121.83,121.65,120.67,119.3,118.53,118.57,116.64,119.0,120.6,123.74,121.86,118.11,119.72,122.0,121.7,121.35,119.74,118.3,116.52,115.52,117.36,116.48,115.26
123156,博汇转债,2025-04-17,10.690,8.000,118.8,119.8,122.2,122.59,124.02,123.79,123.0,121.18,124.78,124.66,127.1,126.47,130.06,129.85,130.85,129.12,128.35,127.97,128.25,129.3,133.52,134.52,133.44,131.89,131.98,130.59,130.19,130.14,129.56,130.07,133.91,135.47,135.0,137.94,136.0,134.3,133.47,133.18,131.76,131.1,131.38,133.29,129.62,132.4,131.97,133.09,134.17,134.7,135.0,134.38,133.1,132.72,131.5,130.81,131.0,131.95,131.27,134.97,143.4,172.08,184.97
127068,顺博转债,2023-07-03,20.380,16.000,114.0,110.0,110.45,110.2,109.89,109.91,110.66,110.31,111.01,110.53,110.0,110.41,110.2,110.19,109.98,110.05,111.3,111.01,111.69,112.48,114.2,113.94,114.15,114.7,114.59,113.8,113.3,112.8,112.29,111.63,111.16,111.5,111.0,111.94,111.48,111.19,111.0,110.0,110.0,109.2,109.3,111.62,111.57,111.48,111.42,112.84,113.0,112.6,112.0,111.6,111.11,110.8,110.5,110.3,110.1,110.57,110.5,110.01,110.15,110.46,110.5
113654,永02转债,2024-09-11,13.860,9.700,98.48,95.41,94.6,94.52,95.96,95.25,94.17,97.0,97.32,98.99,101.61,104.09,108.06,102.87,102.93,99.6,101.34,101.53,101.9,102.22,103.66,104.78,105.42,104.8,103.4,104.97,106.87,104.55,102.61,103.99,102.52,104.38,107.32,106.49,108.84,107.64,108.32,107.8,108.08,106.76,106.5,105.15,108.41,111.3,112.79,108.86,109.31,108.14,110.5,110.63,114.9,115.21,114.56,114.1,115.41,115.44,115.68,116.98,117.82,119.58,117.07
113653,永22转债,2025-09-23,22.300,16.500,125.85,127.75,129.0,129.53,130.94,131.02,130.7,130.87,130.56,129.93,131.6,129.99,128.37,129.06,130.82,129.64,131.1,132.88,132.82,131.56,132.16,131.09,132.94,134.96,133.45,135.02,135.11,138.34,137.62,136.98,137.0,138.43,136.28,135.81,135.92,136.33,135.71,132.67,133.79,133.75,132.17,132.8,133.47,133.15,132.32,132.39,131.79,133.72,135.0,137.67,142.77,140.26,139.3,137.19,135.01,136.15,135.5,135.65,136.63,137.99,139.11
113655,欧22转债,2025-08-22,118.480,54.000,128.63,133.83,133.73,128.5,129.39,128.89,129.11,127.86,129.26,129.26,130.84,132.32,131.79,130.85,131.46,131.93,130.58,129.58,130.16,128.36,128.98,126.96,126.15,127.25,128.03,127.0,128.08,128.38,128.6,128.33,129.79,128.47,128.86,128.12,128.47,128.35,129.17,129.34,129.96,129.41,130.4,129.66,130.05,129.52,129.71,128.69,127.46,127.45,128.09,128.62,130.17,130.27,130.07,130.67,130.36,129.69,129.71,130.25,131.12,129.88,129.98
113652,伟22转债,2024-05-31,32.560,28.000,116.66,112.82,113.35,114.08,113.46,114.0,114.45,114.57,114.79,114.9,114.54,114.4,113.16,111.16,110.9,109.8,111.42,111.97,111.4,113.11,112.97,112.17,111.52,110.88,111.51,110.99,111.68,111.75,112.5,111.54,110.6,109.74,109.0,110.0,110.5,108.62,106.32,104.68,105.3,108.04,106.41,105.95,107.1,106.64,106.33,106.19,106.37,106.27,106.85,106.38,106.75,107.13,106.3,106.03,104.64,105.58,104.17,105.5,104.08,104.46,104.93
118014,高测转债,2025-06-09,35.660,10.500,117.14,120.54,121.5,121.35,119.8,120.07,119.37,119.2,119.56,119.92,120.12,122.26,124.28,123.58,123.7,124.98,124.87,125.4,125.34,124.51,124.09,128.94,127.84,128.56,127.88,126.67,126.69,129.51,131.6,132.28,133.85,135.85,134.46,137.99,140.87,143.77,149.73,147.62,143.59,145.42,146.28,152.39,164.18,161.6,169.87,163.87,155.04,151.74,144.43,155.49,160.68,175.87,172.35,166.07,164.01,162.96,156.53,148.58,151.28,149.79,143.97
118008,海优转债,2025-04-21,69.980,46.800,111.69,110.98,113.29,112.81,113.19,111.64,112.18,112.65,114.28,114.02,117.71,117.76,118.91,119.59,118.5,118.5,119.72,120.58,119.55,121.86,119.95,118.52,118.0,116.55,116.46,116.9,116.7,116.61,117.05,117.63,117.97,119.64,117.76,117.76,117.66,117.04,117.88,117.73,117.56,116.17,116.24,116.27,118.23,118.59,117.82,118.49,120.4,119.87,120.0,120.53,119.41,121.43,124.07,123.19,124.6,124.7,124.66,122.48,122.19,124.78,124.15
110087,天业转债,2025-09-01,6.780,5.600,122.83,118.75,118.07,118.01,120.31,121.7,120.47,119.06,120.42,120.76,119.8,118.49,118.08,117.46,118.67,117.4,117.72,118.73,119.2,120.03,120.0,120.56,122.2,122.5,121.36,119.85,119.26,119.72,119.08,118.73,119.56,119.23,120.55,120.39,121.53,120.87,121.61,121.15,121.14,121.99,121.72,122.46,123.16,124.98,125.59,125.42,125.16,127.05,125.59,127.5,128.0,128.02,126.47,124.82,124.17,124.55,123.62,123.2,124.0,124.01,124.14
123147,中辰转债,2024-05-13,7.780,6.500,116.6,119.24,118.4,118.55,118.2,118.35,117.28,117.85,116.18,117.63,119.22,122.0,120.4,118.88,118.22,115.79,116.0,113.72,111.09,113.5,114.04,114.64,115.5,124.4,118.0,120.4,118.75,115.18,114.1,108.7,109.97,113.2,112.22,115.4,116.76,117.14,114.79,113.0,114.55,111.1,112.82,111.89,113.5,112.78,109.42,109.92,108.0,105.9,107.23,107.62,105.85,102.78,104.0,108.9,107.62,106.64,108.73,108.0,107.04,104.36,105.66
127064,杭氧转债,2025-06-17,26.590,25.980,123.02,118.8,118.56,118.9,118.6,119.47,120.32,119.6,119.93,119.89,120.43,119.63,120.5,121.9,121.93,122.11,120.9,122.13,122.9,122.52,123.44,123.9,124.45,125.0,125.7,126.96,126.01,127.25,126.71,124.81,125.14,125.21,124.0,124.08,125.65,125.95,125.89,125.5,126.78,126.7,126.7,127.05,127.43,128.54,128.9,128.55,129.05,129.8,132.6,133.1,132.42,129.81,129.56,127.84,126.2,127.47,128.16,127.58,130.48,131.1,130.58
123146,中环转2,2024-05-15,7.420,6.300,111.79,110.83,111.2,112.19,109.8,110.18,109.0,108.74,109.06,108.47,108.0,108.5,107.81,105.93,104.86,102.61,101.41,104.14,103.94,103.77,102.77,103.06,102.0,102.0,101.29,97.99,95.1,85.1,89.2,96.36,91.98,93.44,94.66,96.91,96.05,92.17,92.97,90.39,91.59,90.69,92.84,91.84,90.12,89.25,88.34,87.72,88.53,88.3,87.17,86.06,87.05,88.64,88.56,88.61,90.42,89.75,88.97,87.44,88.34,88.3,88.82
123145,药石转债,2024-05-27,81.440,34.200,113.57,118.4,118.0,118.18,119.53,118.54,119.39,119.52,118.33,118.6,119.18,121.99,121.98,119.92,118.99,119.42,118.53,116.62,115.55,114.9,113.5,114.87,113.24,113.19,115.27,115.93,114.01,112.36,114.65,114.5,114.48,114.78,117.24,116.43,116.56,115.94,115.19,116.6,118.0,116.9,114.5,111.1,110.54,112.0,111.0,110.85,113.76,116.09,116.27,114.31,115.49,115.54,114.21,113.23,113.4,114.07,111.84,111.71,109.14,107.54,104.59
127061,美锦转债,2024-06-25,12.930,5.260,95.9,97.97,97.45,96.79,96.86,96.66,96.79,95.91,95.76,93.75,93.22,89.07,92.67,91.5,90.45,91.23,91.82,90.92,91.55,90.8,89.1,86.88,87.0,87.86,87.35,85.62,88.15,88.49,89.44,88.6,89.9,90.24,91.06,91.18,91.5,88.73,87.25,87.1,84.86,85.17,84.24,83.7,83.05,82.17,83.16,82.06,81.0,82.62,84.2,83.5,84.13,83.96,85.0,85.74,84.5,84.2,84.13,84.48,83.65,83.32,85.25
113058,友发转债,2024-07-10,6.290,5.070,109.12,109.35,110.24,111.48,112.62,111.86,113.15,113.13,112.48,110.9,109.8,108.48,111.74,113.73,113.54,114.8,114.76,113.98,113.9,114.82,115.62,114.92,113.6,112.19,112.95,112.15,109.92,105.89,106.81,105.76,105.95,105.2,106.05,107.59,108.04,109.47,109.47,110.13,109.72,109.18,109.93,110.48,109.89,109.9,109.21,108.88,109.05,108.56,108.34,109.0,109.13,109.68,113.07,113.09,114.89,115.83,120.58,123.26,115.38,114.98,113.82
113643,风语转债,2025-05-07,15.030,12.020,123.32,123.0,122.01,122.82,122.65,121.76,120.19,120.14,120.59,120.98,121.05,119.85,119.38,119.62,118.96,119.04,121.0,119.87,120.39,120.85,121.24,121.6,122.2,121.43,122.19,121.02,119.8,120.23,119.7,119.26,118.83,118.52,119.12,119.74,120.39,120.61,121.14,122.46,122.7,121.48,122.33,121.98,122.2,122.85,123.94,123.56,124.13,122.54,122.26,122.8,123.22,123.53,125.2,126.08,126.78,126.96,127.91,126.54,126.26,126.32,125.79
118007,山石转债,2025-07-14,24.520,16.500,128.87,132.62,135.86,136.96,135.82,136.52,136.76,136.28,136.46,136.76,136.7,136.1,136.25,135.0,137.6,141.89,140.92,142.13,145.56,144.09,146.3,144.82,144.78,143.96,145.14,146.56,146.63,147.08,149.66,152.26,151.83,150.35,145.14,143.99,140.7,139.75,137.61,137.42,136.99,140.99,142.55,140.19,139.93,144.25,142.5,140.87,140.77,140.44,140.8,139.12,139.57,138.04,140.16,140.45,139.29,140.82,142.8,143.9,140.89,141.2,138.72
118006,阿拉转债,2025-03-24,19.890,16.170,124.53,123.25,124.8,124.74,123.85,123.16,124.46,125.52,124.25,118.36,119.38,121.37,123.47,124.69,124.33,123.59,123.04,124.94,124.82,126.47,128.74,127.02,126.48,125.2,127.13,127.05,127.61,128.08,127.56,128.05,126.6,125.25,124.84,124.44,124.09,123.97,123.82,124.58,124.56,123.92,123.54,122.67,121.69,121.54,122.8,122.84,123.44,123.87,124.5,123.6,124.05,123.34,123.8,124.09,123.68,123.63,123.68,123.16,122.4,122.38,122.99
111003,聚合转债,2024-11-07,13.930,11.500,122.56,121.36,122.96,122.33,122.3,121.55,120.12,118.95,120.31,120.82,121.7,119.81,121.57,122.47,122.53,123.09,124.3,124.76,126.72,124.52,124.54,126.1,127.62,128.29,128.84,128.96,127.16,125.22,124.14,124.61,123.49,124.54,122.99,124.19,123.72,125.28,125.92,126.01,126.19,124.7,124.5,123.37,124.98,124.29,124.54,124.94,124.46,125.95,126.61,125.62,126.19,127.22,127.76,128.71,128.02,128.38,128.47,128.74,128.98,129.29,128.81
113641,华友转债,2024-10-10,44.110,35.000,105.68,103.42,106.92,106.32,107.47,107.76,108.91,111.52,111.5,111.69,110.71,113.83,113.43,112.83,111.48,111.75,112.48,112.57,116.15,118.23,117.74,118.05,119.38,119.78,118.38,115.35,113.48,112.87,115.94,115.63,115.36,114.1,113.45,113.07,113.78,113.52,114.19,115.1,114.93,113.83,114.0,114.78,115.91,116.89,117.81,118.78,116.4,114.35,114.19,114.62,114.37,114.55,114.22,114.37,113.55,113.83,114.02,114.83,113.94,112.05,112.0
113640,苏利转债,2024-07-18,19.110,17.200,92.51,92.2,91.97,89.78,88.83,87.4,89.23,89.4,89.56,93.0,93.0,92.51,91.49,90.28,89.4,90.74,90.51,90.73,91.48,90.65,90.35,88.0,87.79,86.81,86.58,86.67,86.8,86.92,87.37,87.36,88.09,89.32,89.26,89.09,89.16,91.16,90.66,90.51,90.35,89.81,90.14,89.91,89.51,89.61,89.21,89.53,90.81,91.43,92.2,93.23,95.12,97.0,95.66,95.91,93.83,94.6,95.08,95.57,95.14,95.82,97.28
113053,隆22转债,2025-03-07,58.280,17.500,120.13,123.79,124.33,124.27,124.27,125.8,125.07,125.93,124.01,123.96,122.53,121.52,122.46,123.05,122.86,122.82,120.64,120.5,121.0,120.22,113.35,115.22,116.04,117.84,115.99,116.01,115.6,113.96,115.04,115.72,115.8,115.12,115.87,115.53,116.07,115.22,115.29,114.81,116.68,116.35,117.38,116.85,118.1,117.65,117.54,116.34,115.81,116.66,116.9,117.4,117.3,117.36,116.79,115.8,116.51,117.1,116.62,116.49,116.91,117.4,117.85
127053,豪美转债,2023-05-12,21.290,17.970,118.3,117.92,118.56,119.36,120.0,120.2,120.3,118.6,118.0,118.18,120.13,119.41,120.3,119.03,119.43,120.93,120.55,120.16,119.67,119.44,120.0,120.0,119.84,121.56,122.33,122.44,122.33,122.56,122.42,121.37,121.13,122.55,122.22,122.85,124.8,123.7,126.25,125.5,126.0,125.35,125.37,125.25,126.6,126.4,126.58,127.32,127.3,126.7,127.13,126.57,128.18,126.95,127.8,127.83,128.45,127.5,128.37,128.47,128.16,126.87,126.05
123135,泰林转债,2024-03-11,25.300,16.500,124.9,130.38,128.99,131.4,131.8,133.05,133.58,134.55,133.1,131.9,130.5,130.01,135.5,134.0,135.3,140.23,137.77,135.8,132.3,136.16,133.35,132.71,132.83,126.0,120.5,125.5,124.47,122.56,121.44,123.1,125.1,126.24,127.46,128.6,133.33,134.19,135.9,149.5,167.0,166.6,163.5,147.38,142.0,140.45,138.29,141.6,137.89,138.4,137.15,136.8,137.2,137.25,135.6,135.0,135.98,135.32,133.04,131.8,129.3,130.5,131.24
113636,甬金转债,2023-08-15,34.570,27.660,123.94,118.89,119.83,119.6,119.17,117.8,117.22,117.76,117.07,118.22,120.52,119.05,118.9,120.05,121.54,120.48,121.05,118.62,118.12,118.01,118.5,117.42,117.38,117.38,117.57,117.62,117.43,117.26,117.97,117.88,117.19,118.23,118.5,118.08,117.34,117.0,118.86,118.04,116.44,116.22,115.39,114.72,113.89,112.7,114.04,115.23,114.32,117.49,117.35,117.52,116.58,116.06,116.31,117.7,118.02,116.36,116.81,116.5,116.56,116.78,121.63
127052,西子转债,2024-06-25,18.600,11.200,111.0,112.02,111.92,113.01,113.66,113.53,112.78,110.36,110.9,109.5,110.81,110.27,111.68,115.01,112.88,112.02,110.95,110.95,111.8,112.4,110.4,108.01,108.42,110.99,109.7,109.75,112.9,113.61,112.17,109.42,109.81,111.08,110.48,110.4,109.63,109.72,108.79,107.28,104.57,105.79,104.08,104.47,104.12,103.8,106.21,105.89,106.47,109.88,111.4,109.52,109.78,110.01,110.3,109.88,108.91,108.1,107.25,107.6,106.65,105.47,106.41
123132,回盛转债,2024-08-14,27.450,15.000,99.4,91.42,90.67,90.6,90.5,90.16,90.5,90.54,91.4,91.32,91.2,91.38,92.18,91.3,91.54,91.88,92.55,92.53,92.2,92.29,92.15,92.1,91.3,91.02,91.05,90.46,90.44,91.73,92.98,93.86,95.66,97.61,101.1,95.32,94.71,93.77,95.05,95.99,96.81,96.33,96.9,99.84,99.79,100.88,100.43,101.89,105.78,104.0,103.59,103.6,103.44,104.01,104.57,105.12,107.1,106.8,108.58,108.7,109.23,107.7,106.9
113632,鹤21转债,2023-08-31,26.920,19.840,120.27,123.77,124.48,123.82,124.66,123.57,123.48,123.9,123.67,122.74,122.1,122.03,122.82,123.08,123.11,122.64,123.82,122.91,123.55,123.38,123.38,123.36,123.11,122.49,123.13,122.16,119.67,119.21,118.05,117.5,116.14,114.99,118.6,118.31,118.28,119.97,122.13,119.22,120.2,120.15,121.2,122.53,121.69,120.58,120.65,121.58,121.19,122.2,122.33,121.63,120.04,119.94,119.32,118.18,118.0,117.51,116.99,117.12,116.66,116.75,116.68
118003,华兴转债,2024-03-08,30.430,26.360,120.62,122.3,123.5,124.2,123.14,124.43,125.72,126.31,126.5,125.73,125.5,123.63,121.48,118.66,119.8,119.71,121.63,121.07,120.51,117.79,119.0,118.39,118.72,118.89,117.43,114.95,116.17,117.29,116.0,115.45,115.8,117.0,117.06,120.16,122.34,121.41,122.46,122.05,120.72,121.42,119.5,119.36,120.58,118.88,118.84,118.66,119.14,118.9,121.06,120.57,119.22,120.62,119.9,119.41,119.88,120.7,121.2,120.88,120.35,120.52,119.37
127051,博杰转债,2024-08-12,61.890,26.820,108.3,111.9,113.5,113.4,112.98,113.03,110.96,111.36,110.25,110.64,112.7,111.01,111.26,113.04,116.34,115.75,116.16,115.0,116.9,115.43,112.66,111.5,110.96,110.12,109.08,107.84,108.65,107.9,107.89,110.81,111.7,114.0,116.59,120.7,125.4,116.0,119.11,116.02,117.96,118.52,118.94,118.19,121.8,122.83,122.95,122.96,121.37,122.79,122.99,121.54,120.61,120.6,117.9,120.5,121.99,122.65,123.26,122.26,124.91,123.9,123.8
123130,设研转债,2024-10-11,8.760,8.050,113.0,117.36,117.98,118.76,118.4,120.2,121.0,120.07,120.0,117.86,119.61,121.0,118.57,118.25,117.14,115.54,115.53,117.58,118.36,120.48,118.88,121.5,120.0,119.31,118.0,116.75,116.56,117.91,118.2,117.26,115.5,115.42,115.9,115.67,117.18,118.0,119.03,120.0,118.5,119.32,120.0,120.11,120.96,121.83,123.8,122.96,120.8,119.64,119.58,119.06,119.46,117.88,118.16,117.46,117.4,118.67,117.0,115.39,114.87,114.6,114.26
127049,希望转2,2023-12-27,14.390,10.600,101.8,103.55,104.42,104.72,104.0,103.35,102.92,101.95,101.6,101.34,101.52,101.88,101.73,101.4,100.49,100.31,100.57,99.58,99.91,99.93,100.34,100.99,100.15,99.55,99.1,99.57,99.8,98.87,99.41,98.41,99.12,98.96,99.85,100.7,100.85,100.86,100.52,100.5,99.81,100.06,100.21,100.03,100.4,100.4,100.12,99.91,100.51,100.87,100.74,100.68,100.81,101.6,103.15,103.51,104.79,103.67,102.73,103.17,103.01,103.1,103.49
123128,首华转债,2025-05-06,19.610,12.150,104.92,104.42,105.3,104.9,105.01,105.16,104.63,104.55,105.97,107.0,107.35,107.1,106.33,105.5,105.1,105.02,104.97,106.01,105.8,105.96,106.53,106.55,107.06,108.0,107.15,107.29,107.18,110.1,110.8,114.39,113.21,118.6,118.8,120.7,113.04,114.29,114.85,114.15,114.98,115.5,114.36,115.35,115.03,114.38,116.3,115.44,116.2,116.6,117.6,116.17,116.4,117.56,117.46,118.66,119.48,119.0,121.3,121.36,119.64,119.8,121.87
