label,split,annual_return,benchmark_annual_return,beta_to_benchmark,alpha_vs_benchmark,alpha_vs_benchmark_t,low_premium_loading,alpha_vs_benchmark_and_low_premium,alpha_vs_benchmark_and_low_premium_t,alpha_vs_benchmark_low_premium_double_low,alpha_vs_benchmark_low_premium_double_low_t
static,train,0.051384,0.052614,0.830983,0.007663,0.266349,0.124944,-0.015483,-0.537872,-0.083663,-3.00212
static,test,0.447304,0.249575,0.939647,0.212792,2.674659,-0.003992,0.212799,2.67057,0.205491,2.579708
pit,train,0.165462,0.052614,1.034554,0.111031,2.983355,0.408587,0.035339,1.008005,-0.032745,-0.947953
pit,test,0.497416,0.249575,1.077869,0.228407,2.274839,0.419166,0.227703,2.339211,0.216394,2.228761
pit_lag1,train,0.122601,0.052614,1.028223,0.068502,2.015889,0.395976,-0.004854,-0.153111,-0.070879,-2.281429
pit_lag1,test,0.478577,0.249575,1.081765,0.208596,2.09311,0.527966,0.207709,2.195369,0.196754,2.084863
pit_norating,train,0.176289,0.052614,1.097266,0.118558,2.866914,0.314498,0.060296,1.49004,-0.030525,-0.774877
pit_norating,test,0.418514,0.249575,1.110031,0.141478,1.488161,0.415732,0.14078,1.532447,0.132784,1.445352
pit_norating_lag1,train,0.145921,0.052614,1.102664,0.087905,2.166173,0.312769,0.029964,0.755262,-0.064437,-1.678562
pit_norating_lag1,test,0.434211,0.249575,1.143268,0.14888,1.513593,0.395878,0.148215,1.550586,0.142237,1.485597
