label,year,split,return,benchmark,excess,sharpe,max_drawdown,drawdown_vs_benchmark,excess_median_all_train_candidates,share_train_candidates_positive
static,2019,train,0.34786,0.207366,0.140494,2.162134,-0.112867,-0.046398,0.144667,1.0
static,2020,train,-0.006652,0.118476,-0.125128,0.046379,-0.133644,-0.123971,-0.144003,0.0
static,2021,train,0.162671,0.139076,0.023595,1.252066,-0.087891,-0.073024,-0.014604,0.4167
static,2022,train,-0.122348,-0.157175,0.034827,-0.892911,-0.158811,-0.096433,0.01843,1.0
static,2023,train,-0.063095,-0.016054,-0.047041,-0.814912,-0.146367,-0.067718,-0.045257,0.0
static,2024,train,-0.007404,-0.002603,-0.0048,0.025306,-0.175508,-0.080424,-0.000515,0.4167
static,2025,test,0.350182,0.23809,0.112093,2.073824,-0.097762,-0.041923,,
static,2026,test,0.285119,0.092219,0.1929,3.570831,-0.05866,-0.038268,,
pit,2019,train,0.310934,0.207366,0.103568,1.815328,-0.121266,-0.042263,0.09782,1.0
pit,2020,train,0.313853,0.118476,0.195377,1.478056,-0.109246,-0.075585,0.13578,1.0
pit,2021,train,0.498919,0.139076,0.359842,2.270178,-0.131819,-0.053299,0.286734,1.0
pit,2022,train,-0.078942,-0.157175,0.078233,-0.340187,-0.177083,-0.100261,0.056813,1.0
pit,2023,train,-0.00087,-0.016054,0.015185,0.039318,-0.121967,-0.05465,0.002698,0.5833
pit,2024,train,-0.000514,-0.002603,0.002089,0.088343,-0.164243,-0.038661,0.004482,0.7917
pit,2025,test,0.424955,0.23809,0.186865,1.897012,-0.171349,-0.097764,,
pit,2026,test,0.287788,0.092219,0.195569,3.753525,-0.050468,-0.029939,,
pit_lag1,2019,train,0.278886,0.207366,0.07152,1.632879,-0.126497,-0.049086,0.077517,1.0
pit_lag1,2020,train,0.246219,0.118476,0.127743,1.203614,-0.11295,-0.064164,0.049362,1.0
pit_lag1,2021,train,0.365058,0.139076,0.225982,1.900179,-0.125333,-0.053889,0.218609,1.0
pit_lag1,2022,train,-0.128068,-0.157175,0.029107,-0.695355,-0.188396,-0.108267,0.018874,0.75
pit_lag1,2023,train,-0.000487,-0.016054,0.015568,0.045247,-0.127258,-0.057635,0.00484,0.7708
pit_lag1,2024,train,-0.017499,-0.002603,-0.014896,-0.011642,-0.191577,-0.060013,-0.0219,0.0
pit_lag1,2025,test,0.430034,0.23809,0.191944,1.915153,-0.172706,-0.099693,,
pit_lag1,2026,test,0.25271,0.092219,0.160491,3.342769,-0.054562,-0.03206,,
pit_norating,2019,train,0.322283,0.207366,0.114918,1.688752,-0.133067,-0.0531,0.122953,1.0
pit_norating,2020,train,0.303263,0.118476,0.184788,1.267792,-0.111947,-0.094486,0.142121,1.0
pit_norating,2021,train,0.423846,0.139076,0.284769,2.052196,-0.124459,-0.050975,0.211323,1.0
pit_norating,2022,train,-0.054492,-0.157175,0.102683,-0.225762,-0.140519,-0.107057,0.05457,0.9167
pit_norating,2023,train,0.013406,-0.016054,0.02946,0.187681,-0.094088,-0.026569,0.030854,1.0
pit_norating,2024,train,0.060185,-0.002603,0.062789,0.388438,-0.186621,-0.108304,0.053329,1.0
pit_norating,2025,test,0.367797,0.23809,0.129708,1.725714,-0.140409,-0.055721,,
pit_norating,2026,test,0.212875,0.092219,0.120656,2.675386,-0.080273,-0.035406,,
pit_norating_lag1,2019,train,0.276463,0.207366,0.069097,1.570314,-0.126328,-0.070339,0.030291,1.0
pit_norating_lag1,2020,train,0.458627,0.118476,0.340151,1.685692,-0.102414,-0.071707,0.137662,1.0
pit_norating_lag1,2021,train,0.327394,0.139076,0.188318,1.720786,-0.125086,-0.056587,0.194303,1.0
pit_norating_lag1,2022,train,-0.177226,-0.157175,-0.020051,-1.009676,-0.20927,-0.116022,-0.012649,0.3333
pit_norating_lag1,2023,train,0.007639,-0.016054,0.023694,0.12851,-0.103125,-0.028758,0.022231,1.0
pit_norating_lag1,2024,train,0.021289,-0.002603,0.023892,0.20912,-0.194865,-0.113615,0.013248,1.0
pit_norating_lag1,2025,test,0.359193,0.23809,0.121103,1.659248,-0.136251,-0.050987,,
pit_norating_lag1,2026,test,0.242979,0.092219,0.15076,2.877703,-0.079126,-0.03285,,
