code,effective,jsl_before,em_before,jsl_after,em_after,diff_before,diff_after
110038,20200304,38.81,38.81,25.5,25.5,0.0,0.0
110043,20200430,6.52,6.52,5.97,5.97,0.0,0.0
110043,20180521,8.9,8.9,6.85,6.85,0.0,0.0
110044,20240605,6.82,6.82,4.41,4.41,0.0,0.0
110045,20210428,11.75,11.75,7.3,7.3,0.0,0.0
110047,20240930,2.25,2.25,1.54,1.54,0.0,0.0
110047,20240819,2.32,2.31,2.25,2.25,-0.00431,0.0
110047,20240710,2.37,2.37,2.32,2.32,0.0,0.0
110047,20221102,3.19,3.19,2.4,2.4,0.0,0.0
110052,20240514,7.94,7.94,7.25,7.25,0.0,0.0
110056,20191126,21.64,21.64,15.68,15.68,0.0,0.0
110058,20240709,5.04,5.04,3.78,3.78,0.0,0.0
110058,20191220,6.35,6.35,5.1,5.1,0.0,0.0
110060,20220816,6.99,6.99,5.42,5.42,0.0,0.0
110062,20210331,25.65,25.65,22.6,22.6,0.0,0.0
110063,20250310,2.24,2.24,1.76,1.76,0.0,0.0
110063,20240930,2.25,2.25,2.24,2.24,0.0,0.0
110063,20240819,2.32,2.31,2.25,2.25,-0.00431,0.0
110063,20240710,2.37,2.37,2.32,2.32,0.0,0.0
110063,20221102,3.15,3.15,2.4,2.4,0.0,0.0
110064,20250627,4.25,4.25,4.07,4.07,0.0,0.0
110064,20240627,4.47,4.47,4.26,4.26,0.0,0.0
110067,20210407,8.67,8.67,7.1,7.1,0.0,0.0
110070,20250424,2.59,2.59,1.97,1.97,0.0,0.0
110079,20210830,16.71,16.71,12.99,12.99,0.0,0.0
110081,20260410,43.6,43.6,32.66,32.66,0.0,0.0
110081,20241112,96.49,96.49,43.6,43.6,0.0,0.0
110082,20241105,50.52,50.52,32.32,32.32,0.0,0.0
110084,20220516,10.17,10.17,7.22,7.22,0.0,0.0
110087,20250903,6.78,6.78,5.6,5.6,0.0,0.0
110089,20230811,38.55,38.55,30.0,30.0,0.0,0.0
110094,20240206,8.2,8.2,7.04,7.04,0.0,0.0
110095,20250327,7.2,7.2,6.18,6.18,0.0,0.0
110095,20241029,11.81,11.81,7.2,7.2,0.0,0.0
111000,20250911,19.55,19.55,17.35,17.35,0.0,0.0
111002,20221019,18.2,18.2,14.7,14.7,0.0,0.0
111003,20241111,13.93,13.93,11.5,11.5,0.0,0.0
111005,20221226,23.19,23.19,19.29,19.29,0.0,0.0
111006,20221223,31.18,31.18,27.34,27.34,0.0,0.0
111007,20240807,23.68,23.68,20.13,20.13,0.0,0.0
111010,20240507,44.96,44.96,33.58,33.58,0.0,0.0
111015,20240403,24.95,24.95,20.6,20.6,0.0,0.0
111019,20240807,7.53,7.49,5.45,5.45,-0.005312,0.0
113012,20180322,16.72,16.72,13.5,13.5,0.0,0.0
113016,20180907,22.76,22.76,17.2,17.2,0.0,0.0
113017,20230804,2.23,2.23,2.11,2.11,0.0,0.0
113017,20211208,2.95,2.95,2.23,2.23,0.0,0.0
113018,20180827,7.43,7.43,5.76,5.76,0.0,0.0
113030,20240814,4.02,4.02,3.1,3.1,0.0,0.0
113030,20240112,4.96,4.96,4.04,4.04,0.0,0.0
113033,20240508,6.8,6.8,4.9,4.9,0.0,0.0
113037,20210810,4.65,4.65,4.05,4.05,0.0,0.0
113043,20250704,11.19,11.19,8.2,8.2,0.0,0.0
113047,20250708,6.12,6.12,5.43,5.43,0.0,0.0
113047,20241227,11.43,11.43,6.16,6.16,0.0,0.0
113048,20250925,5.21,5.21,4.5,4.5,0.0,0.0
113048,20210621,6.75,6.75,5.48,5.48,0.0,0.0
113053,20250311,58.28,58.28,17.5,17.5,0.0,0.0
113058,20240715,6.29,6.29,5.07,5.07,0.0,0.0
113058,20220921,9.4,9.4,6.73,6.73,0.0,0.0
113065,20230206,5.87,5.87,5.68,5.68,0.0,0.0
113066,20230725,10.92,10.92,9.06,9.06,0.0,0.0
113068,20240828,6.63,6.63,5.9,5.9,0.0,0.0
113504,20180813,27.53,27.53,21.73,21.7398,0.0,0.000451
113505,20230523,7.03,7.03,5.98,5.98,0.0,0.0
113507,20190211,10.92,10.92,7.37,7.37,0.0,0.0
113509,20180905,25.34,25.34,19.4,19.4,0.0,0.0
113527,20200805,10.52,10.52,9.85,9.85,0.0,0.0
113530,20231108,15.94,15.94,13.0,13.0,0.0,0.0
113532,20240322,6.15,6.15,5.39,5.39,0.0,0.0
113532,20231114,7.26,7.26,6.15,6.15,0.0,0.0
113534,20190924,20.7,15.28,15.28,15.28,-0.261836,0.0
113535,20230530,12.29,12.29,9.59,9.59,0.0,0.0
113541,20200702,13.06,13.06,11.54,11.54,0.0,0.0
113542,20250307,15.18,15.18,11.0,11.0,0.0,0.0
113545,20250813,9.75,9.75,7.62,7.62,0.0,0.0
113546,20240319,13.72,13.72,12.03,12.03,0.0,0.0
113549,20240924,8.92,8.92,7.73,7.73,0.0,0.0
113561,20240823,9.88,9.88,8.5,8.5,0.0,0.0
113569,20240731,8.68,8.68,6.36,6.36,0.0,0.0
113569,20240327,14.57,14.57,8.68,8.68,0.0,0.0
113573,20240527,18.64,18.64,12.51,12.51,0.0,0.0
113574,20250331,16.35,16.35,13.49,13.49,0.0,0.0
113574,20241212,30.53,30.53,16.35,16.35,0.0,0.0
113575,20251118,12.15,12.15,4.42,4.42,0.0,0.0
113576,20240513,2.6,2.6,1.75,1.75,0.0,0.0
113576,20230919,10.55,10.55,2.6,2.6,0.0,0.0
113578,20230629,5.25,5.25,3.2,3.2,0.0,0.0
113584,20240724,35.8,35.8,12.8,12.8,0.0,0.0
113591,20210520,10.46,10.46,8.83,8.83,0.0,0.0
113591,20210104,14.73,14.73,10.46,10.46,0.0,0.0
113594,20211206,27.84,27.84,18.23,18.23,0.0,0.0
113595,20220913,6.92,6.92,4.48,4.48,0.0,0.0
113596,20240826,9.99,9.99,8.28,8.28,0.0,0.0
113596,20240716,23.67,23.67,9.99,9.99,0.0,0.0
113597,20250714,10.63,10.63,8.68,8.68,0.0,0.0
113600,20240806,17.45,17.45,10.0,10.0,0.0,0.0
113600,20230704,23.85,23.85,17.45,17.45,0.0,0.0
113601,20250210,12.5,12.5,12.0,12.0,0.0,0.0
113601,20241028,13.71,13.71,12.71,12.71,0.0,0.0
113601,20240909,16.98,16.98,13.71,13.71,0.0,0.0
113602,20231117,26.6,26.6,23.08,23.08,0.0,0.0
113602,20210317,35.28,35.28,27.7,27.7,0.0,0.0
113604,20231013,10.33,10.33,7.8,7.8,0.0,0.0
113605,20241120,46.49,46.49,18.0,18.0,0.0,0.0
113608,20241216,17.54,17.54,6.06,6.06,0.0,0.0
113609,20230606,16.4,16.4,14.93,14.93,0.0,0.0
113610,20250801,8.0,8.0,6.5,6.5,0.0,0.0
113610,20240716,8.51,8.51,8.0,8.0,0.0,0.0
113618,20260204,25.68,25.68,21.28,21.28,0.0,0.0
113622,20220705,22.68,22.68,15.45,15.45,0.0,0.0
113624,20251016,45.77,45.77,20.07,20.07,0.0,0.0
113625,20241111,53.27,53.27,20.03,20.03,0.0,0.0
113627,20230802,49.79,49.79,21.81,21.81,0.0,0.0
113629,20240731,9.19,9.19,7.89,7.89,0.0,0.0
113629,20240612,22.24,22.24,9.19,9.19,0.0,0.0
113630,20220422,32.9,32.9,19.2,19.2,0.0,0.0
113632,20230904,26.92,26.92,19.84,19.84,0.0,0.0
113632,20220803,38.74,38.74,27.23,27.23,0.0,0.0
113636,20230817,34.57,34.57,27.66,27.66,0.0,0.0
113640,20240722,19.11,19.11,17.2,17.2,0.0,0.0
113641,20241014,44.11,44.11,35.0,35.0,0.0,0.0
113641,20240131,81.18,81.18,45.0,45.0,0.0,0.0
113643,20250509,15.03,15.03,12.02,12.02,0.0,0.0
113644,20251124,23.58,23.58,18.75,18.75,0.0,0.0
113652,20240604,32.56,32.56,28.0,28.0,0.0,0.0
113653,20250925,22.3,22.3,16.5,16.5,0.0,0.0
113653,20230117,26.81,26.81,22.79,22.79,0.0,0.0
113654,20240913,13.86,13.86,9.7,9.7,0.0,0.0
113655,20250826,118.48,118.48,54.0,54.0,0.0,0.0
113657,20250116,5.91,5.91,4.25,4.25,0.0,0.0
113658,20240508,134.11,134.11,57.0,57.0,0.0,0.0
113661,20250317,32.94,32.94,15.0,15.0,0.0,0.0
113663,20240920,31.42,31.42,20.25,20.25,0.0,0.0
113665,20251014,8.07,8.06,6.29,6.29,-0.001239,0.0
113668,20240724,58.68,58.68,22.98,22.98,0.0,0.0
113673,20240319,15.72,15.72,13.31,13.31,0.0,0.0
113676,20240118,15.74,15.74,12.06,12.06,0.0,0.0
113678,20240715,32.88,32.88,27.45,27.45,0.0,0.0
118000,20250918,41.88,41.88,33.18,33.18,0.0,0.0
118000,20240711,50.47,50.47,41.88,41.88,0.0,0.0
118003,20240312,30.43,30.43,26.36,26.36,0.0,0.0
118003,20220610,39.33,39.33,31.0,31.0,0.0,0.0
118006,20250326,19.89,19.89,16.17,16.17,0.0,0.0
118006,20221221,45.23,45.23,39.88,39.88,0.0,0.0
118007,20250716,24.52,24.52,16.5,16.5,0.0,0.0
118008,20250423,69.98,69.98,46.8,46.8,0.0,0.0
118008,20241212,109.7,109.7,69.98,69.98,0.0,0.0
118008,20240715,217.3,217.3,109.82,109.82,0.0,0.0
118014,20250611,35.66,35.66,10.5,10.5,0.0,0.0
118018,20260414,30.91,30.91,21.0,21.0,0.0,0.0
118020,20260123,18.63,18.63,14.0,14.0,0.0,0.0
118023,20250310,32.96,32.96,21.2,21.2,0.0,0.0
118025,20231128,354.54,354.54,230.0,230.0,0.0,0.0
118026,20240904,45.0,45.0,21.0,21.0,0.0,0.0
118026,20231205,124.62,124.62,45.0,45.0,0.0,0.0
118026,20230606,218.59,218.59,174.87,174.87,0.0,0.0
118027,20260320,40.94,40.94,24.55,24.55,0.0,0.0
118027,20250217,62.98,62.98,40.94,40.94,0.0,0.0
118029,20241218,19.77,19.77,18.43,18.43,0.0,0.0
118031,20250818,25.0,25.0,16.0,16.0,0.0,0.0
118031,20250226,68.42,68.42,25.0,25.0,0.0,0.0
118034,20251119,13.48,13.48,6.35,6.35,0.0,0.0
118036,20250228,36.08,36.08,29.0,29.0,0.0,0.0
118037,20240611,47.54,47.54,29.58,29.58,0.0,0.0
118038,20241016,26.97,26.97,19.07,19.07,0.0,0.0
118040,20240201,62.35,62.35,40.0,40.0,0.0,0.0
118044,20241028,24.2,24.15,19.0,19.0,-0.002066,0.0
118045,20241009,35.02,35.02,21.1,21.1,0.0,0.0
118045,20240422,42.72,42.72,35.02,35.02,0.0,0.0
123002,20181008,11.61,11.61,8.72,8.72,0.0,0.0
123003,20190401,16.08,16.08,10.46,10.46,0.0,0.0
123003,20180815,24.18,24.18,16.08,16.08,0.0,0.0
123004,20230714,3.74,3.74,2.44,2.44,0.0,0.0
123004,20190121,8.23,8.23,3.99,3.99,0.0,0.0
123007,20181224,24.88,24.88,15.2,15.2,0.0,0.0
123010,20240419,6.14,6.14,4.67,4.67,0.0,0.0
123010,20231113,6.91,6.91,6.14,6.14,0.0,0.0
123010,20230829,7.72,7.72,6.91,6.91,0.0,0.0
123010,20220520,11.26,11.26,7.72,7.72,0.0,0.0
123010,20190409,14.3,14.3,12.45,12.45,0.0,0.0
123011,20240229,20.18,20.18,15.88,15.88,0.0,0.0
123011,20231110,29.76,29.76,20.18,20.18,0.0,0.0
123023,20220518,6.89,6.89,4.58,4.58,0.0,0.0
123024,20210203,24.9,24.9,18.33,18.33,0.0,0.0
123035,20240730,5.38,5.38,4.27,4.27,0.0,0.0
123035,20240129,6.87,6.87,5.43,5.43,0.0,0.0
123039,20210226,32.87,32.87,30.0,30.0,0.0,0.0
123044,20240223,7.08,7.08,3.7,3.7,0.0,0.0
123044,20231123,18.62,18.62,7.08,7.08,0.0,0.0
123048,20240516,8.86,8.86,7.06,7.06,0.0,0.0
123049,20250424,4.63,4.63,3.55,3.55,0.0,0.0
123049,20240920,4.69,4.69,4.63,4.63,0.0,0.0
123049,20240809,4.79,4.79,4.69,4.69,0.0,0.0
123049,20240703,5.15,5.15,4.8,4.8,0.0,0.0
123049,20240524,6.15,6.15,5.15,5.15,0.0,0.0
123049,20240313,7.23,7.23,6.15,6.15,0.0,0.0
123052,20240607,7.09,7.09,6.06,6.06,0.0,0.0
123056,20240826,4.15,4.15,4.1,4.1,0.0,0.0
123056,20240716,4.2,4.2,4.15,4.15,0.0,0.0
123056,20240329,11.15,11.15,4.2,4.2,0.0,0.0
123063,20240613,4.6,4.6,3.7,3.7,0.0,0.0
123064,20260115,27.0,27.0,21.1,21.1,0.0,0.0
123064,20241226,48.58,48.58,27.0,27.0,0.0,0.0
123064,20220211,71.65,71.65,52.0,52.0,0.0,0.0
123065,20260317,23.97,23.97,23.8,23.8,0.0,0.0
123071,20251218,7.46,7.46,6.7,6.7,0.0,0.0
123071,20210520,20.05,20.05,13.4,13.4,0.0,0.0
123073,20210108,36.34,36.34,23.8,23.8,0.0,0.0
123076,20240724,18.9,18.9,12.7,12.7,0.0,0.0
123078,20210324,19.34,19.34,15.62,15.62,0.0,0.0
123081,20211011,53.4,53.4,34.15,34.15,0.0,0.0
123082,20241223,8.68,8.68,7.07,7.07,0.0,0.0
123082,20210208,11.41,11.41,8.86,8.86,0.0,0.0
123084,20210609,11.36,11.36,9.0,9.0,0.0,0.0
123085,20250508,6.23,6.23,5.0,5.0,0.0,0.0
123085,20240307,6.67,6.67,6.2,6.2,0.0,0.0
123086,20210310,15.16,15.16,10.88,10.88,0.0,0.0
123087,20240508,15.57,15.57,12.09,12.09,0.0,0.0
123087,20210222,24.23,24.23,16.62,16.62,0.0,0.0
123088,20241101,20.25,20.25,15.0,15.0,0.0,0.0
123093,20241218,48.82,48.82,20.0,20.0,0.0,0.0
123096,20240716,3.57,3.57,2.38,2.38,0.0,0.0
123096,20240228,4.5,4.5,3.58,3.58,0.0,0.0
123096,20230721,8.28,8.28,4.5,4.5,0.0,0.0
123100,20241031,11.49,11.49,9.88,9.88,0.0,0.0
123101,20240618,26.12,26.12,12.8,12.8,0.0,0.0
123103,20240806,47.39,47.39,8.52,8.52,0.0,0.0
123104,20260330,17.31,17.31,9.43,9.43,0.0,0.0
123117,20240116,61.72,61.72,40.0,40.0,0.0,0.0
123117,20230424,89.51,89.51,62.38,62.38,0.0,0.0
123119,20250327,19.81,19.81,15.82,15.82,0.0,0.0
123119,20240603,24.4,24.4,20.01,20.01,0.0,0.0
123119,20240201,33.48,33.48,24.4,24.4,0.0,0.0
123119,20220915,66.51,66.51,33.66,33.66,0.0,0.0
123119,20211231,145.33,145.33,108.5,108.5,0.0,0.0
123120,20240913,7.69,7.69,6.15,6.15,0.0,0.0
123126,20241217,16.81,16.81,11.69,11.69,0.0,0.0
123128,20250507,19.61,19.61,12.15,12.15,0.0,0.0
123128,20230717,25.02,25.02,19.61,19.61,0.0,0.0
123129,20220607,9.53,9.53,8.0,8.0,0.0,0.0
123130,20241014,8.76,8.76,8.05,8.05,0.0,0.0
123132,20240815,27.45,27.45,15.0,15.0,0.0,0.0
123133,20220628,19.89,19.89,17.83,17.83,0.0,0.0
123134,20220311,92.5,92.5,76.0,76.0,0.0,0.0
123135,20240312,25.3,25.3,16.5,16.5,0.0,0.0
123135,20231107,41.53,41.53,25.3,25.3,0.0,0.0
123141,20221104,6.88,6.88,5.39,5.39,0.0,0.0
123144,20260114,12.49,12.49,8.5,8.5,0.0,0.0
123145,20240528,81.44,81.44,34.2,34.2,0.0,0.0
123145,20230117,92.88,92.88,81.54,81.54,0.0,0.0
123146,20240516,7.42,7.42,6.3,6.3,0.0,0.0
123147,20240514,7.78,7.78,6.5,6.5,0.0,0.0
123150,20260428,16.48,16.48,12.3,12.3,0.0,0.0
123156,20250418,10.69,10.69,8.0,8.0,0.0,0.0
123157,20260506,16.01,16.01,13.2,13.2,0.0,0.0
123160,20230516,23.4,23.4,19.89,19.89,0.0,0.0
123161,20241025,40.26,40.26,21.89,21.89,0.0,0.0
123161,20230529,86.59,86.59,40.64,40.64,0.0,0.0
123166,20241107,25.75,25.75,23.47,23.47,0.0,0.0
123170,20240607,33.86,33.86,27.08,27.08,0.0,0.0
123172,20240307,21.16,21.16,15.0,15.0,0.0,0.0
123174,20250113,12.76,12.76,9.5,9.5,0.0,0.0
123175,20240123,24.0,24.0,20.4,20.4,0.0,0.0
123175,20230919,28.3,28.3,24.0,24.0,0.0,0.0
123178,20240517,15.05,15.05,13.56,13.56,0.0,0.0
123184,20240227,14.92,14.92,11.88,11.88,0.0,0.0
123185,20241127,28.0,28.0,22.66,22.66,0.0,0.0
123185,20240730,32.5,32.5,28.0,28.0,0.0,0.0
123185,20231116,37.71,37.71,32.8,32.8,0.0,0.0
123186,20250121,18.0,18.0,12.5,12.5,0.0,0.0
123186,20241209,27.11,27.11,18.0,18.0,0.0,0.0
123190,20241105,15.03,15.03,12.93,12.93,0.0,0.0
123191,20240529,12.17,12.17,9.52,9.52,0.0,0.0
123196,20231206,32.8,32.8,21.99,21.99,0.0,0.0
123198,20240906,12.11,12.11,7.6,7.6,0.0,0.0
123199,20240517,18.25,18.25,13.85,13.85,0.0,0.0
123202,20240816,19.21,19.21,15.18,15.18,0.0,0.0
123203,20240508,14.75,14.75,12.09,12.09,0.0,0.0
123204,20240311,20.94,20.94,15.08,15.08,0.0,0.0
123205,20240307,20.01,20.01,11.19,11.19,0.0,0.0
123207,20240227,16.56,16.56,10.5,10.5,0.0,0.0
123208,20240226,11.64,11.64,7.18,7.18,0.0,0.0
123212,20240705,23.3,23.3,19.09,19.09,0.0,0.0
123215,20250106,37.42,37.42,19.2,19.2,0.0,0.0
123216,20240628,10.26,10.26,7.0,7.0,0.0,0.0
123218,20240312,29.62,29.62,28.0,28.0,0.0,0.0
123219,20240329,15.32,15.32,12.5,12.5,0.0,0.0
123220,20240919,12.87,12.87,8.89,8.89,0.0,0.0
123224,20240514,52.9,52.9,37.21,37.21,0.0,0.0
123225,20240313,33.63,33.63,27.8,27.8,0.0,0.0
123226,20240520,36.44,36.44,27.93,27.93,0.0,0.0
123227,20240628,53.34,53.34,45.22,45.22,0.0,0.0
123228,20240314,61.57,61.57,54.58,54.58,0.0,0.0
123230,20241108,28.88,28.88,24.5,24.5,0.0,0.0
123234,20241008,6.4,6.4,5.5,5.5,0.0,0.0
123236,20250519,18.49,18.49,15.33,15.33,0.0,0.0
123237,20240716,21.6,21.6,13.58,13.58,0.0,0.0
123238,20240328,49.01,49.01,41.43,41.43,0.0,0.0
123240,20241101,8.05,8.05,8.0,8.0,0.0,0.0
123240,20240626,10.0,10.0,8.15,8.15,0.0,0.0
123259,20251229,89.82,89.82,72.55,72.55,0.0,0.0
127006,20220927,19.93,19.93,14.5,14.5,0.0,0.0
127007,20240613,5.58,5.58,3.79,3.79,0.0,0.0
127007,20190222,10.16,10.16,7.92,7.92,0.0,0.0
127015,20231228,19.64,19.64,10.6,10.6,0.0,0.0
127017,20240422,12.4,12.4,8.76,8.76,0.0,0.0
127018,20251226,3.95,3.95,3.29,3.29,0.0,0.0
127019,20240709,21.2,21.2,12.6,12.6,0.0,0.0
127021,20211214,12.33,12.33,7.33,7.33,0.0,0.0
127022,20241119,10.91,10.91,9.2,9.2,0.0,0.0
127028,20210412,19.89,19.89,13.46,13.46,0.0,0.0
127031,20211221,19.94,19.94,17.76,17.76,0.0,0.0
127033,20250811,4.8,4.8,3.79,3.79,0.0,0.0
127033,20250521,5.14,5.14,4.8,4.8,0.0,0.0
127033,20221230,6.29,6.29,5.14,5.14,0.0,0.0
127041,20240912,25.24,25.24,18.0,18.0,0.0,0.0
127044,20241101,26.27,26.27,20.0,20.0,0.0,0.0
127046,20260304,46.68,46.68,20.68,20.68,0.0,0.0
127047,20241101,13.34,13.34,5.1,5.1,0.0,0.0
127049,20231228,14.39,14.39,10.6,10.6,0.0,0.0
127050,20221115,34.68,34.68,28.52,28.52,0.0,0.0
127051,20240813,61.89,61.89,26.82,26.82,0.0,0.0
127052,20240626,18.6,18.6,11.2,11.2,0.0,0.0
127052,20221011,27.89,27.89,18.8,18.8,0.0,0.0
127053,20230515,21.29,21.29,17.97,17.97,0.0,0.0
127061,20240626,12.93,12.93,5.26,5.26,0.0,0.0
127064,20250618,26.59,26.59,25.98,25.98,0.0,0.0
127068,20230704,20.38,20.38,16.0,16.0,0.0,0.0
127073,20231115,48.25,48.25,28.88,28.88,0.0,0.0
127075,20250515,8.18,8.12,7.53,7.53,-0.007335,0.0
127075,20240806,10.31,10.31,8.18,8.18,0.0,0.0
127077,20240520,13.92,13.92,11.14,11.14,0.0,0.0
127077,20230703,15.45,15.45,13.91,13.91,0.0,0.0
127079,20250224,52.92,52.92,43.3,43.3,0.0,0.0
127079,20230703,68.99,68.99,55.69,55.69,0.0,0.0
127081,20240711,30.02,30.02,20.7,20.7,0.0,0.0
127087,20240719,13.26,13.26,8.1,8.1,0.0,0.0
127089,20250723,38.22,38.22,11.66,11.66,0.0,0.0
127091,20241030,34.55,34.55,27.65,27.65,0.0,0.0
127098,20241014,44.71,44.71,42.0,42.0,0.0,0.0
127099,20240910,19.11,19.11,15.6,15.6,0.0,0.0
128014,20221219,11.49,11.49,9.28,9.28,0.0,0.0
128014,20220805,12.31,12.31,11.49,11.49,0.0,0.0
128015,20220914,6.97,6.97,5.0,5.0,0.0,0.0
128015,20210524,9.48,9.48,6.97,6.97,0.0,0.0
128015,20190425,12.86,12.86,9.48,9.48,0.0,0.0
128018,20190412,11.83,11.83,7.45,7.45,0.0,0.0
128020,20181106,22.9,22.9,16.0,16.0,0.0,0.0
128021,20230907,5.09,5.09,4.25,4.25,0.0,0.0
128021,20180921,11.23,11.23,5.35,5.35,0.0,0.0
128022,20220525,7.92,7.92,5.95,5.95,0.0,0.0
128022,20190417,10.99,10.99,7.92,7.92,0.0,0.0
128025,20180730,19.7,19.7,16.1,16.1,0.0,0.0
128026,20231017,11.12,11.12,8.75,8.75,0.0,0.0
128033,20180627,13.28,13.28,9.03,9.03,0.0,0.0
128034,20180828,6.92,6.92,5.67,5.67,0.0,0.0
128034,20180503,9.16,9.16,7.02,7.02,0.0,0.0
128037,20240314,2.64,2.64,2.29,2.29,0.0,0.0
128037,20231201,3.1,3.1,2.64,2.64,0.0,0.0
128037,20210628,7.99,7.99,3.13,3.13,0.0,0.0
128038,20181114,2.75,2.75,1.72,1.72,0.0,0.0
128039,20180813,7.38,7.38,5.84,5.84,0.0,0.0
128041,20240308,6.83,6.83,6.75,6.75,0.0,0.0
128042,20220308,12.86,12.86,10.09,10.09,0.0,0.0
128043,20181121,13.47,13.47,11.43,11.43,0.0,0.0
128044,20240701,1.94,1.94,1.4,1.4,0.0,0.0
128044,20240521,3.08,3.08,1.94,1.94,0.0,0.0
128044,20231121,3.43,3.43,3.08,3.08,0.0,0.0
128044,20211201,5.59,5.59,3.43,3.43,0.0,0.0
128044,20190322,10.63,10.63,8.96,8.96,0.0,0.0
128050,20200316,21.66,21.66,14.93,14.93,0.0,0.0
128051,20190726,16.95,16.95,12.72,12.72,0.0,0.0
128056,20240226,5.86,5.86,4.65,4.65,0.0,0.0
128056,20230411,6.68,6.68,6.0,6.0,0.0,0.0
128062,20240702,4.21,4.21,3.0,3.0,0.0,0.0
128062,20230717,6.0,6.0,4.21,4.21,0.0,0.0
128062,20230403,8.5,8.5,6.0,6.0,0.0,0.0
128062,20220909,16.25,16.25,8.5,8.5,0.0,0.0
128063,20240715,5.12,5.12,3.57,3.57,0.0,0.0
128063,20240321,6.0,6.0,5.15,5.15,0.0,0.0
128063,20230913,8.58,8.58,6.0,6.0,0.0,0.0
128066,20190916,17.29,17.29,14.8,14.8,0.0,0.0
128070,20240603,9.34,9.34,8.3,8.3,0.0,0.0
128071,20241226,3.81,3.81,3.28,3.28,0.0,0.0
128072,20241015,9.66,9.66,5.73,5.73,0.0,0.0
128072,20240806,15.19,15.19,9.66,9.66,0.0,0.0
128074,20250307,16.92,16.92,10.1,10.1,0.0,0.0
128082,20240710,9.13,9.13,8.7,8.7,0.0,0.0
128082,20210323,11.71,11.71,9.13,9.13,0.0,0.0
128082,20200702,13.09,13.09,11.71,11.71,0.0,0.0
128083,20240802,6.34,6.34,5.4,5.4,0.0,0.0
128083,20220516,11.45,11.51,6.85,6.85,0.00524,0.0
128087,20210428,6.3,6.3,4.5,4.5,0.0,0.0
128095,20250211,64.92,64.92,32.0,32.0,0.0,0.0
128101,20250211,11.6,11.6,11.17,11.17,0.0,0.0
128101,20241114,13.69,13.69,11.56,11.56,0.0,0.0
128105,20240918,6.4,6.4,5.3,5.3,0.0,0.0
128105,20240319,7.91,7.91,6.5,6.5,0.0,0.0
128108,20260317,8.5,8.5,7.95,7.95,0.0,0.0
128108,20260127,9.5,9.5,8.5,8.5,0.0,0.0
128108,20251216,10.0,10.0,9.5,9.5,0.0,0.0
128108,20251110,10.5,10.5,10.0,10.0,0.0,0.0
128108,20250923,11.5,11.5,10.5,10.5,0.0,0.0
128108,20250815,12.0,12.0,11.5,11.5,0.0,0.0
128108,20250708,12.5,12.5,12.0,12.0,0.0,0.0
128108,20240521,17.84,17.84,12.5,12.5,0.0,0.0
128109,20240816,8.07,8.07,6.17,6.17,0.0,0.0
128114,20230627,3.62,3.62,3.06,3.06,0.0,0.0
128114,20230309,4.35,4.35,3.62,3.62,0.0,0.0
128114,20221215,6.08,6.08,4.35,4.35,0.0,0.0
128114,20220523,14.77,14.77,6.08,6.08,0.0,0.0
128116,20250703,28.45,28.45,20.5,20.5,0.0,0.0
128117,20250210,27.81,27.81,11.76,11.76,0.0,0.0
128118,20240806,21.2,21.2,9.68,9.68,0.0,0.0
128119,20260212,9.3,9.3,4.2,4.2,0.0,0.0
128120,20240307,17.44,17.44,11.68,11.68,0.0,0.0
128121,20260209,14.0,14.0,12.65,12.65,0.0,0.0
128121,20251230,18.56,18.56,14.0,14.0,0.0,0.0
128125,20250902,18.04,18.04,14.39,14.39,0.0,0.0
128125,20250314,23.99,23.99,18.39,18.39,0.0,0.0
128127,20241009,4.56,4.56,4.46,4.46,0.0,0.0
128129,20210416,5.74,5.74,4.47,4.47,0.0,0.0
128131,20241209,16.82,16.82,10.37,10.37,0.0,0.0
128132,20240702,13.15,13.15,10.31,10.31,0.0,0.0
128132,20240111,18.33,18.33,13.15,13.15,0.0,0.0
128133,20240220,22.87,22.87,20.09,20.09,0.0,0.0
128133,20221031,24.19,24.19,23.26,23.26,0.0,0.0
128133,20220613,29.79,29.79,24.78,24.78,0.0,0.0
128134,20260226,32.08,32.08,21.99,21.99,0.0,0.0
128138,20260320,17.9,17.9,14.64,14.64,0.0,0.0
128138,20241125,25.03,25.03,18.0,18.0,0.0,0.0
128139,20220125,36.52,36.52,26.38,26.38,0.0,0.0
128144,20240719,10.75,10.75,8.5,8.5,0.0,0.0
128144,20210907,13.98,13.98,11.5,11.5,0.0,0.0
